student_id,cgpa_cumulative,backlogs_count,backlogs_age_max_weeks,branch,entrance_percentile,admission_category,social_category,home_state,schooling_medium,hosteller_flag,mean_attendance_pct,min_attendance_pct,attendance_debarment_threshold,attendance_condonation_band_low,attendance_condonation_band_high,consecutive_absence_streak_max,attendance_trend,timing_of_decline,classes_total_in_sem,classes_conducted_so_far,classes_remaining_in_sem,max_possible_attendance_pct,attendance_debarment_mathematically_certain,avg_pace_score,avg_clarity_score,avg_doubt_resolution_score,avg_teaching_style_fit_score,diagnostic_content_score,diagnostic_delivery_sensitive_score,avg_session_engagement_exposure,vtop_login_freq_per_week,submission_timing_relative,footfall_library_freq_per_week,hostel_curfew_violations,fee_payment_status,scholarship_category,education_loan_status,family_income_bracket,first_gen_college_goer,latent_risk_score,true_dominant_cluster,risk_level,risk_level_label,mentor_flag_category
S00000,6.94,2,14,SCE-CIVIL,79.6,Management Quota,General,West Bengal,CBSE,Hosteller,85.3,71.5,65.0,65.0,75.0,1,stable,none,50,15,35,96.0,0,0.3,2.54,,3.35,0.666,0.575,0.7,8.54,-0.53,2.3,1.0,On Installment (On-Time),No Scholarship,Active Loan (Repayment Stress Flagged),<2.5 LPA,Yes,0.1405,financial,0,No Risk,none
S00001,8.42,0,0,SENSE-ECE,91.9,Management Quota,General,Karnataka,ICSE,DayScholar,86.5,77.4,65.0,65.0,75.0,4,stable,none,50,17,33,96.0,0,0.7,3.72,3.37,3.69,0.937,0.828,0.527,8.59,-0.74,2.45,,Fully Paid,No Scholarship,Active Loan (No Stress Flagged),2.5-8 LPA,No,0.1163,financial,0,No Risk,none
S00002,8.77,0,0,SENSE-ECE,85.7,Government Quota,General,Maharashtra,ICSE,Hosteller,69.0,61.6,65.0,65.0,75.0,11,stable,none,50,29,21,82.0,0,0.13,4.13,3.8,2.74,0.823,0.841,0.246,11.46,-0.57,3.02,2.0,Fully Paid,No Scholarship,No Loan,<2.5 LPA,Yes,0.0411,visual_engagement,0,No Risk,none
S00003,7.14,0,0,SCE-CIVIL,81.0,Management Quota,OBC,Other,CBSE,Hosteller,68.6,51.4,65.0,65.0,75.0,4,declining,late,50,30,20,82.0,0,-0.48,2.05,2.72,3.63,0.717,0.83,0.357,6.93,0.08,3.44,2.0,Fully Paid,No Scholarship,Active Loan (Repayment Stress Flagged),2.5-8 LPA,Yes,0.1672,financial,0,No Risk,none
S00004,6.12,2,9,SENSE-ECE,71.7,Government Quota,EWS,Kerala,CBSE,Hosteller,66.2,62.5,65.0,65.0,75.0,5,declining,late,50,40,10,72.0,0,0.13,3.34,1.46,2.91,0.604,0.798,0.378,11.95,-0.6,0.63,0.0,On Installment (On-Time),Merit-Based,Active Loan (No Stress Flagged),<2.5 LPA,No,0.1614,financial,0,No Risk,none
S00005,7.33,1,1,SENSE-ECE,72.7,Management Quota,EWS,Maharashtra,CBSE,DayScholar,76.6,68.4,65.0,65.0,75.0,7,stable,none,50,33,17,84.0,0,0.89,3.93,3.5,2.18,0.527,0.739,0.673,8.96,-0.48,5.92,,Fully Paid,Sports-Cultural Quota,Active Loan (No Stress Flagged),>8 LPA,No,0.0989,financial,0,No Risk,none
S00006,8.93,0,0,SCOPE-CSE,80.1,Government Quota,OBC,Uttar Pradesh,CBSE,Hosteller,69.5,55.6,65.0,65.0,75.0,6,stable,none,50,11,39,94.0,0,-0.39,3.17,3.89,4.74,0.87,0.809,0.368,10.73,0.08,0.83,3.0,Fully Paid,Institutional Need-Based,Active Loan (No Stress Flagged),<2.5 LPA,Yes,0.0698,financial,0,No Risk,none
S00007,5.19,5,2,SCOPE-CSE,65.2,Management Quota,OBC,Uttar Pradesh,State Board,Hosteller,56.8,43.1,65.0,65.0,75.0,4,declining,early,50,11,39,90.0,0,1.0,2.51,4.16,3.83,0.463,0.425,0.103,6.79,0.03,3.46,1.0,Fully Paid,Merit-Based,No Loan,>8 LPA,No,0.2082,visual_engagement,1,Backlog / Academic-Probation Risk,pedagogical
S00008,9.09,0,0,SMEC-MECH,73.5,Government Quota,General,Tamil Nadu,CBSE,Hosteller,94.3,93.9,65.0,65.0,75.0,8,declining,early,50,41,9,96.0,0,0.36,2.39,,3.66,0.917,0.857,0.631,9.24,0.05,5.94,1.0,Fully Paid,Merit-Based,No Loan,2.5-8 LPA,Yes,0.0,pedagogy,0,No Risk,none
S00009,8.01,0,0,SCOPE-CSE,88.0,Government Quota,EWS,Uttar Pradesh,ICSE,Hosteller,94.1,89.3,65.0,65.0,75.0,8,stable,none,50,39,11,96.0,0,-0.24,3.57,4.39,2.22,0.919,0.928,0.782,12.25,1.72,4.46,1.0,Fully Paid,Institutional Need-Based,Active Loan (No Stress Flagged),2.5-8 LPA,No,0.0955,financial,0,No Risk,none
S00010,5.87,1,2,SCOPE-CSE,56.8,Government Quota,OBC,Delhi-NCR,CBSE,DayScholar,97.4,84.8,65.0,65.0,75.0,2,stable,none,50,10,40,100.0,0,1.0,3.87,2.67,4.21,0.747,0.814,0.702,10.31,-0.96,2.7,,Fee Due >30 Days,No Scholarship,Active Loan (No Stress Flagged),2.5-8 LPA,No,0.1369,financial,0,No Risk,none
S00011,6.92,1,10,SCOPE-CSE,62.7,Management Quota,General,West Bengal,ICSE,Hosteller,54.0,44.4,65.0,65.0,75.0,11,declining,early,50,40,10,64.0,1,-1.0,1.9,3.78,3.92,0.734,0.537,0.0,9.66,-0.57,3.92,3.0,Fully Paid,No Scholarship,No Loan,<2.5 LPA,No,0.309,attendance,3,Withdrawal / Discontinuation Risk,academic
S00012,7.56,0,0,SMEC-MECH,69.1,Government Quota,General,Bihar,ICSE,Hosteller,52.0,51.3,65.0,65.0,75.0,8,recovering,none,50,38,12,64.0,1,0.87,4.83,2.45,4.75,0.77,0.778,0.149,5.56,-0.99,2.28,3.0,Fee Due >30 Days,Merit-Based,Active Loan (Repayment Stress Flagged),<2.5 LPA,Yes,0.3205,attendance,3,Withdrawal / Discontinuation Risk,academic
S00013,6.01,3,32,SCE-CIVIL,59.0,Government Quota,OBC,Delhi-NCR,CBSE,DayScholar,78.6,57.5,65.0,65.0,75.0,5,stable,none,50,10,40,96.0,0,0.06,3.66,2.37,3.73,0.598,0.662,0.386,3.73,-1.77,0.77,,Fully Paid,No Scholarship,No Loan,2.5-8 LPA,No,0.0704,behavioural,0,No Risk,none
S00014,7.39,0,0,SCE-CIVIL,70.7,Management Quota,OBC,Kerala,CBSE,Hosteller,82.7,64.4,65.0,65.0,75.0,4,recovering,none,50,26,24,90.0,0,-0.14,2.72,2.36,4.07,0.902,0.925,0.492,11.36,-0.41,4.87,1.0,Fully Paid,Category-Based,No Loan,2.5-8 LPA,Yes,0.0,behavioural,0,No Risk,none
S00015,8.95,0,0,SMEC-MECH,66.8,Government Quota,OBC,Kerala,CBSE,Hosteller,79.0,76.0,65.0,65.0,75.0,0,stable,none,50,12,38,94.0,0,0.72,5.0,2.32,4.74,0.866,1.0,0.437,14.37,0.03,3.52,1.0,Fully Paid,No Scholarship,No Loan,<2.5 LPA,No,0.0843,visual_engagement,0,No Risk,none
S00016,4.72,6,2,SCE-CIVIL,39.1,Government Quota,General,Other,CBSE,DayScholar,92.4,69.5,65.0,65.0,75.0,14,stable,none,50,41,9,94.0,0,-1.0,2.61,3.67,3.45,0.357,0.427,0.713,6.52,-0.35,4.1,,Fully Paid,No Scholarship,No Loan,2.5-8 LPA,No,0.0651,academic,0,No Risk,none
S00017,9.7,0,0,SBST-BIOTECH,95.0,Management Quota,SC,Karnataka,CBSE,DayScholar,88.6,81.3,65.0,65.0,75.0,2,stable,none,50,33,17,92.0,0,1.0,2.28,5.0,1.75,0.778,0.699,0.523,12.44,0.14,0.0,,Fully Paid,No Scholarship,Active Loan (No Stress Flagged),>8 LPA,No,0.1491,pedagogy,0,No Risk,none
S00018,6.55,0,0,SBST-BIOTECH,81.7,Government Quota,OBC,West Bengal,CBSE,DayScholar,64.6,57.2,65.0,65.0,75.0,4,stable,none,50,41,9,70.0,0,0.03,3.77,3.82,2.87,0.594,0.768,0.221,2.76,1.51,8.1,,Fully Paid,No Scholarship,No Loan,>8 LPA,Yes,0.1147,visual_engagement,0,No Risk,none
S00019,6.78,2,9,SCE-CIVIL,82.9,Government Quota,OBC,Kerala,CBSE,Hosteller,78.0,72.8,65.0,65.0,75.0,1,stable,none,50,21,29,90.0,0,-0.88,4.09,2.34,3.58,0.86,0.882,0.277,8.95,-1.0,2.32,1.0,Fully Paid,No Scholarship,Active Loan (No Stress Flagged),2.5-8 LPA,No,0.1049,visual_engagement,0,No Risk,none
S00020,6.98,0,0,SBST-BIOTECH,55.2,Management Quota,General,Tamil Nadu,CBSE,DayScholar,89.8,79.3,65.0,65.0,75.0,2,recovering,none,50,38,12,92.0,0,-0.38,4.29,2.8,2.98,0.745,0.785,0.712,3.24,-0.93,1.44,,On Installment (Overdue),No Scholarship,Active Loan (No Stress Flagged),<2.5 LPA,Yes,0.1094,financial,0,No Risk,none
S00021,8.29,0,0,SMEC-MECH,74.1,Government Quota,General,Maharashtra,CBSE,Hosteller,88.4,78.9,65.0,65.0,75.0,0,stable,none,50,26,24,94.0,0,-1.0,4.19,2.18,3.3,0.998,0.829,0.405,7.23,1.36,3.57,1.0,Fully Paid,No Scholarship,No Loan,<2.5 LPA,No,0.0313,visual_engagement,0,No Risk,none
S00022,8.85,0,0,SENSE-ECE,86.7,Management Quota,General,Tamil Nadu,CBSE,DayScholar,81.2,79.5,65.0,65.0,75.0,2,stable,none,50,38,12,86.0,0,-0.71,3.51,,2.38,1.0,1.0,0.648,7.24,0.76,4.28,,Fully Paid,Merit-Based,No Loan,<2.5 LPA,Yes,0.0,pedagogy,0,No Risk,none
S00023,7.13,2,4,SMEC-MECH,76.3,Management Quota,OBC,Karnataka,State Board,Hosteller,80.8,79.8,65.0,65.0,75.0,4,declining,early,50,6,44,98.0,0,1.0,4.39,3.57,3.44,0.683,0.644,0.49,6.76,-1.35,4.02,2.0,On Installment (On-Time),Merit-Based,No Loan,2.5-8 LPA,No,0.0806,behavioural,0,No Risk,none
S00024,8.87,0,0,SENSE-ECE,80.7,Management Quota,General,West Bengal,CBSE,Hosteller,73.1,65.2,65.0,65.0,75.0,10,declining,late,50,22,28,88.0,0,0.2,3.77,,2.92,1.0,0.922,0.177,4.41,-0.07,3.06,2.0,Fully Paid,Category-Based,Active Loan (Repayment Stress Flagged),>8 LPA,No,0.1351,visual_engagement,0,No Risk,none
S00025,10.0,0,0,SBST-BIOTECH,96.4,Management Quota,General,Bihar,ICSE,Hosteller,84.4,67.0,65.0,65.0,75.0,4,stable,none,50,31,19,90.0,0,-0.29,3.01,3.33,3.68,1.0,1.0,0.595,4.19,0.57,1.04,0.0,Fully Paid,Category-Based,No Loan,<2.5 LPA,No,0.0,attendance,0,No Risk,none
S00026,7.68,0,0,SCE-CIVIL,74.3,Management Quota,OBC,Uttar Pradesh,State Board,Hosteller,77.3,64.0,65.0,65.0,75.0,10,recovering,none,50,47,3,78.0,0,-0.89,2.33,3.62,4.64,0.703,0.42,0.269,7.5,-0.66,2.18,0.0,Fully Paid,No Scholarship,Active Loan (No Stress Flagged),<2.5 LPA,Yes,0.1741,visual_engagement,0,No Risk,none
S00027,7.47,0,0,SMEC-MECH,76.5,Management Quota,General,Karnataka,State Board,Hosteller,67.1,65.9,65.0,65.0,75.0,6,stable,none,50,15,35,90.0,0,0.79,4.66,,2.44,0.827,1.0,0.145,9.05,-0.97,3.24,5.0,Fee Due >30 Days,No Scholarship,Active Loan (No Stress Flagged),>8 LPA,Yes,0.3211,financial,3,Withdrawal / Discontinuation Risk,financial
S00028,6.39,0,0,SBST-BIOTECH,57.7,Government Quota,EWS,Tamil Nadu,CBSE,Hosteller,83.5,80.3,65.0,65.0,75.0,0,recovering,none,50,40,10,86.0,0,-1.0,1.78,3.83,2.24,0.533,0.608,0.477,16.73,-0.1,3.82,0.0,Fully Paid,Institutional Need-Based,No Loan,>8 LPA,Yes,0.0017,pedagogy,0,No Risk,none
S00029,8.36,0,0,SENSE-ECE,88.9,Management Quota,General,Kerala,State Board,DayScholar,93.3,89.3,65.0,65.0,75.0,2,stable,none,50,45,5,94.0,0,-1.0,3.73,3.71,4.03,0.625,0.695,0.596,8.55,0.77,5.96,,Fully Paid,No Scholarship,Active Loan (No Stress Flagged),2.5-8 LPA,No,0.0717,financial,0,No Risk,none
S00030,8.19,0,0,SBST-BIOTECH,87.4,Government Quota,General,Karnataka,State Board,Hosteller,75.5,57.2,65.0,65.0,75.0,4,stable,none,50,13,37,94.0,0,-0.4,1.84,2.18,3.45,0.778,0.687,0.529,11.02,0.22,3.82,2.0,Fully Paid,Merit-Based,No Loan,>8 LPA,Yes,0.0062,pedagogy,0,No Risk,none
S00031,7.51,1,17,SCOPE-CSE,82.3,Management Quota,ST,Andhra Pradesh,CBSE,Hosteller,79.2,68.6,65.0,65.0,75.0,4,recovering,none,50,44,6,82.0,0,-0.76,3.94,3.08,3.51,1.0,0.909,0.669,9.95,0.31,3.24,1.0,On Installment (On-Time),No Scholarship,No Loan,<2.5 LPA,Yes,0.0477,academic,0,No Risk,none
S00032,8.74,0,0,SENSE-ECE,96.7,Government Quota,General,Maharashtra,State Board,Hosteller,95.8,89.5,65.0,65.0,75.0,2,recovering,none,50,8,42,100.0,0,-0.12,3.93,3.42,2.99,0.664,0.556,0.737,9.17,-0.7,3.02,4.0,On Installment (On-Time),No Scholarship,No Loan,2.5-8 LPA,No,0.0636,behavioural,0,No Risk,none
S00033,7.09,3,9,SBST-BIOTECH,82.8,Management Quota,SC,Kerala,ICSE,Hosteller,74.9,74.1,65.0,65.0,75.0,0,stable,none,50,8,42,96.0,0,0.36,3.5,3.04,3.22,0.668,0.871,0.438,7.77,-1.8,1.21,2.0,Fully Paid,No Scholarship,Active Loan (No Stress Flagged),2.5-8 LPA,No,0.2441,behavioural,2,Attendance-Debarment Risk,psychosocial
S00034,3.81,3,2,SMEC-MECH,40.2,Government Quota,ST,Tamil Nadu,International,Hosteller,67.3,56.9,65.0,65.0,75.0,6,recovering,none,50,46,4,70.0,0,-1.0,2.08,2.9,3.15,0.155,0.011,0.269,15.87,2.1,2.18,0.0,Fully Paid,Merit-Based,No Loan,2.5-8 LPA,No,0.1902,diagnostic,1,Backlog / Academic-Probation Risk,pedagogical
S00035,7.93,0,0,SENSE-ECE,77.2,Government Quota,OBC,Uttar Pradesh,State Board,Hosteller,63.5,57.3,65.0,65.0,75.0,7,declining,late,50,43,7,68.0,0,1.0,4.51,,4.15,1.0,1.0,0.187,7.22,1.38,0.88,2.0,Fully Paid,No Scholarship,No Loan,<2.5 LPA,Yes,0.1145,visual_engagement,0,No Risk,none
S00036,7.91,0,0,SCOPE-CSE,88.3,Government Quota,General,Other,State Board,Hosteller,65.7,52.7,65.0,65.0,75.0,7,stable,none,50,27,23,82.0,0,0.63,2.6,4.1,2.82,0.875,0.911,0.291,6.63,-1.28,3.17,2.0,On Installment (Overdue),No Scholarship,Active Loan (Repayment Stress Flagged),2.5-8 LPA,Yes,0.2264,financial,1,Backlog / Academic-Probation Risk,financial
S00037,8.49,1,5,SCE-CIVIL,90.7,Government Quota,OBC,Andhra Pradesh,CBSE,Hosteller,69.3,59.1,65.0,65.0,75.0,6,stable,none,50,9,41,94.0,0,-0.39,4.5,4.18,2.95,0.842,0.905,0.293,11.49,0.55,4.19,1.0,Fully Paid,No Scholarship,No Loan,<2.5 LPA,No,0.096,visual_engagement,0,No Risk,none
S00038,8.26,0,0,SENSE-ECE,71.7,Government Quota,General,Maharashtra,CBSE,Hosteller,79.7,69.8,65.0,65.0,75.0,9,stable,none,50,12,38,96.0,0,-0.32,1.37,4.23,1.82,0.727,0.529,0.381,10.16,-2.18,4.23,1.0,Fully Paid,Institutional Need-Based,No Loan,2.5-8 LPA,Yes,0.188,pedagogy,1,Backlog / Academic-Probation Risk,pedagogical
S00039,7.22,0,0,SCE-CIVIL,64.9,Government Quota,OBC,Bihar,CBSE,Hosteller,70.9,62.9,65.0,65.0,75.0,5,stable,none,50,7,43,96.0,0,0.77,3.79,3.16,4.14,0.44,0.372,0.514,10.81,0.31,6.72,0.0,Fully Paid,Merit-Based,No Loan,2.5-8 LPA,Yes,0.0,diagnostic,0,No Risk,none
S00040,8.42,0,0,SENSE-ECE,59.5,Government Quota,EWS,West Bengal,State Board,DayScholar,64.5,62.0,65.0,65.0,75.0,4,stable,none,50,12,38,92.0,0,-0.3,2.99,3.02,3.02,0.979,0.806,0.448,8.86,0.28,0.75,,On Installment (On-Time),No Scholarship,Active Loan (No Stress Flagged),>8 LPA,No,0.0,financial,0,No Risk,none
S00041,7.77,0,0,SENSE-ECE,74.6,Management Quota,EWS,Delhi-NCR,CBSE,Hosteller,76.2,61.3,65.0,65.0,75.0,5,stable,none,50,9,41,96.0,0,-0.87,3.84,2.56,4.88,0.696,0.784,0.237,15.59,0.5,2.64,2.0,On Installment (Overdue),No Scholarship,No Loan,2.5-8 LPA,No,0.1967,financial,1,Backlog / Academic-Probation Risk,financial
S00042,7.9,0,0,SBST-BIOTECH,74.9,Management Quota,EWS,Uttar Pradesh,State Board,Hosteller,100.0,93.1,65.0,65.0,75.0,1,stable,none,50,38,12,100.0,0,-0.17,3.89,3.5,2.49,0.914,1.0,0.779,12.24,-0.37,1.14,0.0,Fully Paid,No Scholarship,No Loan,>8 LPA,No,0.0862,pedagogy,0,No Risk,none
S00043,7.19,1,27,SCE-CIVIL,65.0,Management Quota,OBC,Tamil Nadu,ICSE,Hosteller,74.1,73.0,65.0,65.0,75.0,1,stable,none,50,23,27,88.0,0,-0.09,5.0,5.0,3.76,0.863,0.891,0.338,10.88,0.89,3.08,1.0,Fully Paid,No Scholarship,No Loan,2.5-8 LPA,No,0.0367,visual_engagement,0,No Risk,none
S00044,9.03,1,2,SENSE-ECE,72.6,Government Quota,EWS,Karnataka,CBSE,DayScholar,68.3,65.4,65.0,65.0,75.0,6,declining,early,50,18,32,88.0,0,-0.02,2.88,2.91,2.3,0.951,0.83,0.468,5.96,-0.67,1.75,,On Installment (Overdue),No Scholarship,Active Loan (No Stress Flagged),<2.5 LPA,No,0.3353,financial,3,Withdrawal / Discontinuation Risk,financial
S00045,7.67,0,0,SENSE-ECE,77.0,Government Quota,General,Other,CBSE,DayScholar,95.7,91.2,65.0,65.0,75.0,4,recovering,none,50,31,19,98.0,0,-0.19,3.31,4.49,4.6,0.742,0.544,0.732,11.67,0.21,4.96,,Fully Paid,Category-Based,Active Loan (No Stress Flagged),>8 LPA,No,0.1586,financial,0,No Risk,none
S00046,7.94,0,0,SENSE-ECE,71.1,Government Quota,OBC,Uttar Pradesh,State Board,Hosteller,86.6,82.7,65.0,65.0,75.0,0,declining,late,50,45,5,88.0,0,-0.29,2.12,2.5,4.17,0.915,0.857,0.519,10.42,-0.92,0.71,0.0,Fully Paid,No Scholarship,No Loan,2.5-8 LPA,Yes,0.0211,pedagogy,0,No Risk,none
S00047,7.8,1,1,SMEC-MECH,80.1,Management Quota,General,Delhi-NCR,State Board,Hosteller,84.6,83.6,65.0,65.0,75.0,2,stable,none,50,21,29,94.0,0,0.75,2.52,1.77,1.99,0.754,0.656,0.591,10.86,0.22,3.48,0.0,Fully Paid,Category-Based,No Loan,<2.5 LPA,Yes,0.1252,pedagogy,0,No Risk,none
S00048,8.11,1,9,SCE-CIVIL,82.6,Government Quota,General,Karnataka,ICSE,Hosteller,100.0,60.2,65.0,65.0,75.0,4,declining,early,50,32,18,100.0,0,0.61,4.68,,4.53,0.46,0.703,0.745,12.73,-1.32,1.34,1.0,On Installment (On-Time),Category-Based,No Loan,>8 LPA,No,0.0,behavioural,0,No Risk,none
S00049,6.02,0,0,SCOPE-CSE,82.5,Government Quota,OBC,Uttar Pradesh,CBSE,Hosteller,71.7,60.7,65.0,65.0,75.0,4,stable,none,50,34,16,80.0,0,-0.19,1.93,1.36,4.15,0.621,0.807,0.285,9.69,1.7,5.38,0.0,Fully Paid,No Scholarship,Active Loan (No Stress Flagged),2.5-8 LPA,No,0.1446,visual_engagement,0,No Risk,none
S00050,7.72,0,0,SMEC-MECH,81.8,Management Quota,OBC,Other,State Board,Hosteller,67.7,64.6,65.0,65.0,75.0,5,declining,late,50,20,30,88.0,0,-0.43,3.75,4.26,2.87,0.536,0.436,0.313,6.25,0.31,2.07,2.0,Fully Paid,Institutional Need-Based,Active Loan (No Stress Flagged),2.5-8 LPA,No,0.0976,financial,0,No Risk,none
S00051,8.55,0,0,SBST-BIOTECH,78.9,Government Quota,OBC,Bihar,State Board,DayScholar,81.5,75.8,65.0,65.0,75.0,1,stable,none,50,14,36,94.0,0,0.84,2.1,5.0,4.53,0.87,0.731,0.452,10.22,-0.06,2.82,,On Installment (On-Time),Merit-Based,No Loan,<2.5 LPA,No,0.0193,pedagogy,0,No Risk,none
S00052,6.85,0,0,SCE-CIVIL,62.7,Management Quota,General,Karnataka,CBSE,DayScholar,73.1,69.7,65.0,65.0,75.0,7,declining,early,50,44,6,76.0,0,-0.53,2.93,3.99,5.0,1.0,0.894,0.439,6.47,-0.88,1.74,,Fully Paid,No Scholarship,No Loan,<2.5 LPA,No,0.214,behavioural,1,Backlog / Academic-Probation Risk,psychosocial
S00053,7.15,1,17,SCE-CIVIL,68.2,Management Quota,OBC,Other,CBSE,DayScholar,87.7,83.7,65.0,65.0,75.0,1,recovering,none,50,26,24,94.0,0,0.97,4.61,3.63,4.42,0.466,0.546,0.61,8.6,-1.95,2.35,,On Installment (On-Time),Merit-Based,No Loan,2.5-8 LPA,Yes,0.0375,behavioural,0,No Risk,none
S00054,7.21,0,0,SMEC-MECH,68.9,Management Quota,OBC,Kerala,ICSE,DayScholar,56.3,49.9,65.0,65.0,75.0,7,declining,late,50,30,20,74.0,0,0.53,4.43,3.01,1.29,0.836,1.0,0.34,7.36,0.57,4.72,,On Installment (On-Time),Institutional Need-Based,Active Loan (No Stress Flagged),<2.5 LPA,Yes,0.1892,pedagogy,1,Backlog / Academic-Probation Risk,pedagogical
S00055,8.09,0,0,SMEC-MECH,83.7,Management Quota,General,Maharashtra,State Board,Hosteller,90.5,73.8,65.0,65.0,75.0,1,stable,none,50,37,13,94.0,0,-0.89,3.12,2.59,3.63,0.764,0.837,0.662,7.92,-0.27,5.09,0.0,Fully Paid,Merit-Based,No Loan,>8 LPA,No,0.0163,behavioural,0,No Risk,none
S00056,7.85,0,0,SCE-CIVIL,71.9,Government Quota,OBC,Kerala,CBSE,Hosteller,67.2,57.4,65.0,65.0,75.0,5,stable,none,50,20,30,86.0,0,-1.0,4.22,2.8,3.5,0.484,0.572,0.245,10.6,-1.66,4.09,1.0,Fully Paid,Merit-Based,No Loan,2.5-8 LPA,No,0.0809,visual_engagement,0,No Risk,none
S00057,6.09,2,17,SMEC-MECH,58.9,Government Quota,SC,Other,International,DayScholar,66.6,53.7,65.0,65.0,75.0,4,stable,none,50,31,19,80.0,0,-1.0,2.88,2.95,1.93,0.445,0.542,0.136,12.39,-0.16,0.62,,Fully Paid,Institutional Need-Based,No Loan,<2.5 LPA,No,0.0996,visual_engagement,0,No Risk,none
S00058,7.58,1,19,SCE-CIVIL,94.4,Management Quota,EWS,Karnataka,State Board,Hosteller,51.8,45.9,65.0,65.0,75.0,4,stable,none,50,19,31,82.0,0,-0.7,5.0,3.57,1.62,0.66,0.782,0.095,12.22,-1.3,2.43,3.0,Fully Paid,No Scholarship,No Loan,<2.5 LPA,No,0.2369,visual_engagement,1,Backlog / Academic-Probation Risk,pedagogical
S00059,7.04,0,0,SCE-CIVIL,71.5,Government Quota,OBC,Uttar Pradesh,State Board,Hosteller,98.9,88.8,65.0,65.0,75.0,0,stable,none,50,21,29,100.0,0,-0.2,2.71,3.52,2.63,0.583,0.433,0.736,11.64,0.13,4.93,1.0,On Installment (On-Time),Category-Based,Active Loan (Repayment Stress Flagged),<2.5 LPA,No,0.1019,financial,0,No Risk,none
S00060,6.6,1,21,SCOPE-CSE,78.8,Government Quota,OBC,Bihar,International,Hosteller,77.9,73.6,65.0,65.0,75.0,0,stable,none,50,9,41,96.0,0,0.47,3.98,2.43,3.53,0.65,0.565,0.302,11.2,-2.7,3.41,2.0,On Installment (Overdue),No Scholarship,No Loan,2.5-8 LPA,Yes,0.135,behavioural,0,No Risk,none
S00061,8.5,0,0,SENSE-ECE,79.4,Government Quota,General,West Bengal,ICSE,Hosteller,86.0,84.9,65.0,65.0,75.0,3,stable,none,50,15,35,96.0,0,0.29,4.08,,1.59,0.76,0.705,0.386,15.17,0.17,3.76,1.0,Fee Due >30 Days,Merit-Based,No Loan,<2.5 LPA,Yes,0.0308,financial,0,No Risk,none
S00062,7.31,0,0,SBST-BIOTECH,71.1,Government Quota,General,Andhra Pradesh,State Board,Hosteller,84.6,80.7,65.0,65.0,75.0,4,recovering,none,50,44,6,86.0,0,-0.08,3.03,3.81,3.6,0.825,0.84,0.645,10.28,0.68,4.74,1.0,Fully Paid,Institutional Need-Based,Active Loan (No Stress Flagged),<2.5 LPA,No,0.0396,financial,0,No Risk,none
S00063,7.92,0,0,SCE-CIVIL,96.0,Government Quota,General,Karnataka,CBSE,Hosteller,85.9,81.4,65.0,65.0,75.0,8,stable,none,50,43,7,88.0,0,0.62,4.06,2.41,3.47,0.788,0.86,0.824,8.43,0.32,5.14,0.0,On Installment (On-Time),Institutional Need-Based,Active Loan (No Stress Flagged),<2.5 LPA,No,0.126,financial,0,No Risk,none
S00064,8.79,0,0,SCOPE-CSE,79.8,Government Quota,OBC,Other,CBSE,Hosteller,68.7,56.1,65.0,65.0,75.0,4,stable,none,50,16,34,90.0,0,0.59,2.65,,3.62,0.97,0.986,0.29,12.03,-0.84,1.96,2.0,On Installment (On-Time),Sports-Cultural Quota,No Loan,<2.5 LPA,No,0.0417,visual_engagement,0,No Risk,none
S00065,6.26,2,10,SBST-BIOTECH,65.8,Management Quota,General,Karnataka,State Board,Hosteller,100.0,90.9,65.0,65.0,75.0,0,recovering,none,50,37,13,100.0,0,0.01,3.38,5.0,3.95,0.735,0.661,0.58,9.11,0.07,0.0,0.0,Fully Paid,Merit-Based,No Loan,2.5-8 LPA,Yes,0.0563,academic,0,No Risk,none
S00066,8.24,1,1,SCE-CIVIL,91.2,Management Quota,EWS,Maharashtra,CBSE,Hosteller,67.6,66.6,65.0,65.0,75.0,4,stable,none,50,36,14,76.0,0,-1.0,3.59,3.39,2.61,0.659,0.712,0.394,11.24,2.09,3.55,2.0,Fully Paid,Category-Based,Active Loan (Repayment Stress Flagged),2.5-8 LPA,Yes,0.1037,financial,0,No Risk,none
S00067,7.96,0,0,SENSE-ECE,93.4,Government Quota,General,Andhra Pradesh,CBSE,Hosteller,79.3,61.9,65.0,65.0,75.0,10,stable,none,50,25,25,90.0,0,-1.0,4.53,3.67,3.65,0.959,1.0,0.208,7.65,0.04,2.61,0.0,Fee Due >30 Days,No Scholarship,Active Loan (No Stress Flagged),>8 LPA,Yes,0.162,financial,0,No Risk,none
S00068,8.79,0,0,SENSE-ECE,84.5,Government Quota,General,Other,CBSE,Hosteller,94.8,91.8,65.0,65.0,75.0,2,stable,none,50,23,27,98.0,0,0.29,4.2,4.37,1.82,0.946,1.0,0.793,8.72,1.06,4.86,2.0,Fee Due >30 Days,No Scholarship,No Loan,2.5-8 LPA,No,0.0933,financial,0,No Risk,none
S00069,9.0,1,15,SBST-BIOTECH,99.9,Government Quota,EWS,Tamil Nadu,CBSE,Hosteller,74.5,64.8,65.0,65.0,75.0,4,stable,none,50,25,25,88.0,0,1.0,4.64,1.0,3.92,0.568,0.797,0.466,12.5,-1.0,0.0,0.0,Fee Due >30 Days,No Scholarship,Active Loan (Repayment Stress Flagged),<2.5 LPA,No,0.2441,financial,2,Attendance-Debarment Risk,financial
S00070,8.68,0,0,SMEC-MECH,97.2,Government Quota,EWS,Tamil Nadu,State Board,Hosteller,98.0,89.6,65.0,65.0,75.0,3,stable,none,50,37,13,98.0,0,0.16,2.31,3.47,3.72,1.0,1.0,0.869,7.01,-0.45,3.96,1.0,Fully Paid,No Scholarship,Active Loan (Repayment Stress Flagged),<2.5 LPA,Yes,0.0836,financial,0,No Risk,none
S00071,8.65,0,0,SCOPE-CSE,98.9,Management Quota,OBC,Tamil Nadu,CBSE,DayScholar,89.5,62.9,65.0,65.0,75.0,6,stable,none,50,46,4,90.0,0,-1.0,4.17,3.25,1.44,0.971,0.863,0.632,7.34,-1.26,2.12,,Fully Paid,No Scholarship,Active Loan (No Stress Flagged),2.5-8 LPA,No,0.0839,pedagogy,0,No Risk,none
S00072,5.4,4,11,SCOPE-CSE,62.0,Management Quota,ST,Karnataka,CBSE,Hosteller,64.4,54.2,65.0,65.0,75.0,6,stable,none,50,27,23,80.0,0,1.0,3.06,4.55,5.0,0.454,0.455,0.563,3.43,1.33,0.96,3.0,Fully Paid,Merit-Based,No Loan,>8 LPA,No,0.1213,academic,0,No Risk,none
S00073,7.22,1,1,SCE-CIVIL,60.4,Management Quota,ST,Uttar Pradesh,State Board,Hosteller,84.5,78.5,65.0,65.0,75.0,3,stable,none,50,25,25,92.0,0,-0.48,1.66,1.91,2.09,0.699,0.513,0.461,7.18,-0.54,5.65,1.0,On Installment (On-Time),Institutional Need-Based,Active Loan (Repayment Stress Flagged),>8 LPA,No,0.0195,pedagogy,0,No Risk,none
S00074,8.3,0,0,SCOPE-CSE,78.2,Government Quota,SC,Other,CBSE,Hosteller,78.6,76.8,65.0,65.0,75.0,4,stable,none,50,16,34,94.0,0,0.18,3.5,,2.7,0.945,0.894,0.617,16.63,-0.22,0.0,0.0,On Installment (Overdue),Merit-Based,Active Loan (No Stress Flagged),<2.5 LPA,No,0.2229,financial,1,Backlog / Academic-Probation Risk,financial
S00075,9.16,0,0,SENSE-ECE,97.8,Government Quota,General,Andhra Pradesh,CBSE,DayScholar,81.5,75.2,65.0,65.0,75.0,6,stable,none,50,28,22,90.0,0,-1.0,3.28,,3.19,0.646,0.849,0.597,9.79,-0.47,5.16,,Fully Paid,No Scholarship,Active Loan (No Stress Flagged),>8 LPA,No,0.1428,financial,0,No Risk,none
S00076,5.42,5,18,SMEC-MECH,62.0,Government Quota,OBC,Tamil Nadu,State Board,Hosteller,49.9,33.8,65.0,65.0,75.0,13,stable,none,50,38,12,62.0,1,-0.3,1.4,4.88,4.89,0.596,0.521,0.358,12.55,1.43,1.12,3.0,On Installment (Overdue),No Scholarship,Active Loan (Repayment Stress Flagged),2.5-8 LPA,No,0.3397,attendance,3,Withdrawal / Discontinuation Risk,academic
S00077,7.65,1,21,SBST-BIOTECH,60.5,Government Quota,ST,West Bengal,State Board,DayScholar,94.9,88.6,65.0,65.0,75.0,0,stable,none,50,47,3,96.0,0,0.38,4.21,2.4,4.64,0.808,0.677,0.774,7.87,1.31,2.82,,On Installment (Overdue),No Scholarship,Active Loan (Repayment Stress Flagged),>8 LPA,Yes,0.0801,financial,0,No Risk,none
S00078,6.66,1,12,SENSE-ECE,50.0,Government Quota,OBC,Delhi-NCR,ICSE,DayScholar,69.8,60.2,65.0,65.0,75.0,5,declining,early,50,17,33,90.0,0,1.0,4.97,3.25,3.49,0.518,0.611,0.398,12.92,1.11,2.34,,Fully Paid,No Scholarship,No Loan,2.5-8 LPA,No,0.0,visual_engagement,0,No Risk,none
S00079,8.68,0,0,SMEC-MECH,96.7,Government Quota,OBC,Bihar,State Board,Hosteller,82.0,79.5,65.0,65.0,75.0,0,stable,none,50,47,3,84.0,0,0.21,2.55,3.79,2.39,0.763,0.705,0.348,8.73,0.02,2.2,1.0,Fully Paid,No Scholarship,No Loan,2.5-8 LPA,Yes,0.0762,pedagogy,0,No Risk,none
S00080,9.32,0,0,SBST-BIOTECH,98.5,Management Quota,General,Karnataka,CBSE,DayScholar,62.2,59.7,65.0,65.0,75.0,5,declining,late,50,15,35,88.0,0,-1.0,2.22,3.23,3.03,1.0,1.0,0.381,10.44,0.29,1.28,,Fully Paid,No Scholarship,Active Loan (Repayment Stress Flagged),2.5-8 LPA,No,0.15,financial,0,No Risk,none
S00081,5.17,2,6,SCE-CIVIL,32.1,Management Quota,OBC,Andhra Pradesh,State Board,Hosteller,88.5,85.0,65.0,65.0,75.0,2,stable,none,50,14,36,96.0,0,0.14,2.91,2.3,3.23,0.793,0.662,0.444,5.09,1.63,2.08,1.0,On Installment (On-Time),Merit-Based,No Loan,<2.5 LPA,No,0.0,academic,0,No Risk,none
S00082,6.72,1,2,SCOPE-CSE,48.4,Management Quota,OBC,Tamil Nadu,State Board,Hosteller,58.6,54.8,65.0,65.0,75.0,9,stable,none,50,44,6,64.0,1,0.27,4.25,2.54,1.78,0.592,0.743,0.221,7.42,-1.92,6.51,5.0,Fully Paid,No Scholarship,Active Loan (No Stress Flagged),2.5-8 LPA,No,0.3885,attendance,3,Withdrawal / Discontinuation Risk,academic
S00083,7.31,0,0,SMEC-MECH,65.1,Management Quota,General,Tamil Nadu,CBSE,Hosteller,74.6,69.3,65.0,65.0,75.0,14,recovering,none,50,33,17,84.0,0,0.88,4.18,3.02,3.97,0.634,0.667,0.562,12.62,-1.08,1.29,0.0,Fully Paid,Merit-Based,No Loan,<2.5 LPA,Yes,0.0252,behavioural,0,No Risk,none
S00084,6.69,0,0,SCOPE-CSE,68.7,Government Quota,OBC,Kerala,State Board,Hosteller,61.5,61.3,65.0,65.0,75.0,9,declining,late,50,11,39,92.0,0,1.0,5.0,5.0,2.48,0.817,1.0,0.196,11.48,-0.21,4.11,3.0,Fee Due >30 Days,Institutional Need-Based,Active Loan (No Stress Flagged),2.5-8 LPA,Yes,0.2311,financial,1,Backlog / Academic-Probation Risk,financial
S00085,8.99,0,0,SCOPE-CSE,86.8,Government Quota,ST,Bihar,CBSE,DayScholar,79.3,78.0,65.0,65.0,75.0,4,declining,early,50,30,20,88.0,0,0.51,2.72,2.11,2.14,0.975,1.0,0.5,11.72,-1.94,1.64,,On Installment (Overdue),No Scholarship,Active Loan (Repayment Stress Flagged),<2.5 LPA,No,0.1662,financial,0,No Risk,none
S00086,8.1,0,0,SMEC-MECH,80.9,Management Quota,EWS,West Bengal,State Board,DayScholar,81.7,65.0,65.0,65.0,75.0,8,stable,none,50,12,38,96.0,0,-0.08,2.84,,2.19,0.957,0.957,0.413,12.43,-0.66,0.19,,Fully Paid,No Scholarship,No Loan,>8 LPA,No,0.0,pedagogy,0,No Risk,none
S00087,7.6,1,15,SBST-BIOTECH,83.2,Government Quota,OBC,Karnataka,State Board,Hosteller,88.9,82.2,65.0,65.0,75.0,0,stable,none,50,39,11,92.0,0,-0.54,4.4,3.6,2.05,0.713,0.709,0.694,13.03,0.96,1.49,0.0,Fee Due >30 Days,Category-Based,Active Loan (No Stress Flagged),<2.5 LPA,Yes,0.1805,financial,0,No Risk,none
S00088,7.13,2,20,SCE-CIVIL,70.6,Government Quota,General,Other,State Board,Hosteller,45.8,42.3,65.0,65.0,75.0,8,stable,none,50,11,39,88.0,0,0.15,5.0,3.27,3.7,0.603,0.705,0.0,13.23,-0.78,7.06,0.0,Fully Paid,No Scholarship,Active Loan (Repayment Stress Flagged),2.5-8 LPA,No,0.2014,visual_engagement,1,Backlog / Academic-Probation Risk,pedagogical
S00089,6.9,0,0,SENSE-ECE,73.1,Government Quota,OBC,Bihar,CBSE,Hosteller,74.6,73.4,65.0,65.0,75.0,2,declining,early,50,24,26,88.0,0,1.0,3.44,2.77,2.63,0.508,0.764,0.545,9.0,1.15,4.38,3.0,Fully Paid,Merit-Based,No Loan,<2.5 LPA,No,0.0,pedagogy,0,No Risk,none
S00090,8.4,0,0,SMEC-MECH,76.8,Government Quota,OBC,West Bengal,ICSE,DayScholar,55.5,20.0,65.0,65.0,75.0,8,declining,late,50,9,41,92.0,0,-0.14,3.51,,2.04,0.714,0.766,0.243,11.72,-1.33,3.71,,Fully Paid,No Scholarship,No Loan,2.5-8 LPA,No,0.2119,visual_engagement,1,Backlog / Academic-Probation Risk,pedagogical
S00091,6.68,1,4,SCE-CIVIL,73.2,Government Quota,General,Kerala,CBSE,Hosteller,66.8,59.7,65.0,65.0,75.0,4,stable,none,50,45,5,70.0,0,-0.35,3.03,2.95,4.58,0.698,0.946,0.388,8.63,-0.1,3.51,2.0,On Installment (On-Time),Category-Based,Active Loan (No Stress Flagged),>8 LPA,Yes,0.1176,financial,0,No Risk,none
S00092,4.94,1,2,SCOPE-CSE,49.1,Government Quota,EWS,Tamil Nadu,State Board,DayScholar,67.1,65.1,65.0,65.0,75.0,7,stable,none,50,34,16,78.0,0,0.75,2.72,2.05,4.73,0.396,0.583,0.442,6.45,-0.62,4.56,,On Installment (Overdue),No Scholarship,Active Loan (Repayment Stress Flagged),<2.5 LPA,No,0.201,financial,1,Backlog / Academic-Probation Risk,financial
S00093,8.68,0,0,SCOPE-CSE,78.5,Government Quota,General,Bihar,State Board,Hosteller,70.1,56.0,65.0,65.0,75.0,10,stable,none,50,29,21,82.0,0,0.44,3.74,,3.36,0.93,0.895,0.445,12.01,-0.77,3.1,0.0,On Installment (Overdue),No Scholarship,Active Loan (Repayment Stress Flagged),2.5-8 LPA,No,0.1892,financial,1,Backlog / Academic-Probation Risk,financial
S00094,8.81,0,0,SCOPE-CSE,99.9,Government Quota,SC,Andhra Pradesh,CBSE,Hosteller,82.9,82.7,65.0,65.0,75.0,7,stable,none,50,24,26,92.0,0,1.0,3.24,2.53,3.35,0.963,1.0,0.61,8.07,0.24,1.25,1.0,Fully Paid,No Scholarship,Active Loan (No Stress Flagged),>8 LPA,No,0.0,financial,0,No Risk,none
S00095,8.42,0,0,SCE-CIVIL,87.9,Management Quota,General,Tamil Nadu,State Board,Hosteller,88.3,84.8,65.0,65.0,75.0,5,declining,early,50,19,31,96.0,0,-1.0,2.68,2.0,3.28,1.0,0.854,0.558,13.07,-0.52,1.85,1.0,Fee Due >30 Days,No Scholarship,No Loan,<2.5 LPA,Yes,0.0853,financial,0,No Risk,none
S00096,7.49,0,0,SMEC-MECH,75.6,Government Quota,General,Maharashtra,CBSE,Hosteller,100.0,96.0,65.0,65.0,75.0,1,stable,none,50,26,24,100.0,0,-1.0,3.76,,2.49,0.739,0.839,0.526,8.65,1.41,0.85,3.0,Fee Due >30 Days,No Scholarship,No Loan,<2.5 LPA,Yes,0.1259,financial,0,No Risk,none
S00097,8.21,0,0,SENSE-ECE,82.3,Management Quota,ST,Other,ICSE,Hosteller,63.1,48.6,65.0,65.0,75.0,5,declining,early,50,15,35,88.0,0,1.0,2.62,3.42,2.31,0.87,1.0,0.273,11.19,-2.85,2.92,5.0,On Installment (Overdue),No Scholarship,Active Loan (No Stress Flagged),2.5-8 LPA,No,0.4128,behavioural,3,Withdrawal / Discontinuation Risk,psychosocial
S00098,7.75,0,0,SCOPE-CSE,86.5,Government Quota,OBC,Andhra Pradesh,State Board,Hosteller,67.7,46.5,65.0,65.0,75.0,5,stable,none,50,43,7,72.0,0,-0.47,4.12,3.23,2.96,0.797,0.908,0.624,12.82,0.88,9.18,4.0,Fully Paid,Institutional Need-Based,No Loan,2.5-8 LPA,No,0.0214,behavioural,0,No Risk,none
S00099,7.81,0,0,SCE-CIVIL,65.0,Management Quota,OBC,Kerala,State Board,DayScholar,83.4,74.5,65.0,65.0,75.0,3,stable,none,50,27,23,92.0,0,0.02,3.47,2.86,3.46,0.738,0.737,0.593,6.76,-1.73,2.3,,On Installment (On-Time),No Scholarship,No Loan,2.5-8 LPA,No,0.0481,behavioural,0,No Risk,none
S00100,7.25,3,12,SBST-BIOTECH,83.1,Government Quota,General,Other,CBSE,Hosteller,76.0,75.9,65.0,65.0,75.0,4,stable,none,50,13,37,94.0,0,0.39,2.22,,3.12,0.771,0.744,0.429,3.89,-1.18,1.83,0.0,On Installment (On-Time),No Scholarship,Active Loan (Repayment Stress Flagged),>8 LPA,Yes,0.1685,financial,0,No Risk,none
S00101,8.46,0,0,SENSE-ECE,99.9,Management Quota,SC,Karnataka,CBSE,Hosteller,67.1,47.1,65.0,65.0,75.0,9,stable,none,50,28,22,82.0,0,0.48,2.6,1.26,2.91,0.906,0.968,0.286,13.16,-1.62,0.5,5.0,Fee Due >30 Days,Merit-Based,Active Loan (No Stress Flagged),<2.5 LPA,No,0.2075,financial,1,Backlog / Academic-Probation Risk,financial
S00102,7.65,1,11,SENSE-ECE,76.0,Management Quota,OBC,Tamil Nadu,CBSE,Hosteller,82.5,73.1,65.0,65.0,75.0,2,recovering,none,50,35,15,88.0,0,-1.0,4.9,,3.51,0.573,0.721,0.447,9.8,-0.38,6.85,0.0,Fully Paid,No Scholarship,No Loan,<2.5 LPA,No,0.0902,academic,0,No Risk,none
S00103,6.99,1,4,SENSE-ECE,66.9,Government Quota,OBC,West Bengal,State Board,Hosteller,75.3,60.5,65.0,65.0,75.0,11,stable,none,50,19,31,90.0,0,-1.0,3.99,,4.76,0.414,0.606,0.565,4.86,-0.4,5.19,3.0,Fully Paid,No Scholarship,Active Loan (Repayment Stress Flagged),<2.5 LPA,No,0.2058,financial,1,Backlog / Academic-Probation Risk,financial
S00104,9.15,0,0,SENSE-ECE,88.1,Management Quota,General,Andhra Pradesh,State Board,Hosteller,76.6,74.9,65.0,65.0,75.0,8,stable,none,50,37,13,82.0,0,0.86,3.27,3.03,4.72,1.0,0.894,0.486,14.94,-0.28,3.9,1.0,On Installment (Overdue),Category-Based,Active Loan (Repayment Stress Flagged),>8 LPA,No,0.1974,financial,1,Backlog / Academic-Probation Risk,financial
S00105,7.58,0,0,SCOPE-CSE,70.4,Government Quota,EWS,Delhi-NCR,State Board,Hosteller,61.0,53.8,65.0,65.0,75.0,6,stable,none,50,19,31,86.0,0,-1.0,3.39,3.09,4.71,0.811,0.878,0.149,12.81,-0.43,4.73,6.0,Fully Paid,No Scholarship,No Loan,2.5-8 LPA,Yes,0.1867,visual_engagement,1,Backlog / Academic-Probation Risk,pedagogical
S00106,6.71,1,1,SCOPE-CSE,49.4,Government Quota,General,Bihar,CBSE,Hosteller,76.0,70.0,65.0,65.0,75.0,5,stable,none,50,14,36,94.0,0,0.39,4.35,4.16,3.76,0.66,0.667,0.232,10.52,0.09,4.12,0.0,On Installment (Overdue),No Scholarship,Active Loan (No Stress Flagged),2.5-8 LPA,Yes,0.1617,financial,0,No Risk,none
S00107,7.04,2,3,SENSE-ECE,78.0,Government Quota,SC,Karnataka,State Board,Hosteller,54.7,49.5,65.0,65.0,75.0,4,stable,none,50,45,5,60.0,1,1.0,3.57,1.49,4.87,0.822,0.847,0.324,6.7,-0.68,2.07,4.0,On Installment (Overdue),No Scholarship,Active Loan (Repayment Stress Flagged),2.5-8 LPA,No,0.3864,attendance,3,Withdrawal / Discontinuation Risk,academic
S00108,9.06,0,0,SBST-BIOTECH,74.0,Management Quota,SC,Bihar,ICSE,DayScholar,72.2,65.0,65.0,65.0,75.0,10,recovering,none,50,23,27,88.0,0,1.0,3.74,,1.84,1.0,1.0,0.344,9.18,-1.58,5.85,,Fully Paid,No Scholarship,Active Loan (No Stress Flagged),2.5-8 LPA,No,0.2092,behavioural,1,Backlog / Academic-Probation Risk,psychosocial
S00109,8.34,0,0,SCOPE-CSE,84.3,Management Quota,General,Tamil Nadu,ICSE,Hosteller,74.8,73.0,65.0,65.0,75.0,2,stable,none,50,37,13,82.0,0,-0.88,1.77,3.84,3.93,0.919,0.664,0.285,15.92,-1.15,4.22,2.0,On Installment (On-Time),Merit-Based,Active Loan (Repayment Stress Flagged),2.5-8 LPA,No,0.1839,pedagogy,1,Backlog / Academic-Probation Risk,pedagogical
S00110,10.0,0,0,SBST-BIOTECH,99.9,Management Quota,General,West Bengal,ICSE,DayScholar,71.6,68.9,65.0,65.0,75.0,8,recovering,none,50,10,40,94.0,0,-0.71,2.76,3.87,3.17,0.973,1.0,0.399,9.17,0.37,4.34,,On Installment (Overdue),No Scholarship,No Loan,<2.5 LPA,Yes,0.1621,financial,0,No Risk,none
S00111,7.79,1,6,SBST-BIOTECH,79.2,Government Quota,General,Kerala,CBSE,Hosteller,81.0,75.0,65.0,65.0,75.0,0,stable,none,50,38,12,86.0,0,0.06,3.05,5.0,2.73,0.708,0.552,0.419,4.37,0.53,8.6,1.0,Fully Paid,No Scholarship,No Loan,2.5-8 LPA,Yes,0.0799,visual_engagement,0,No Risk,none
S00112,6.9,2,17,SCE-CIVIL,71.6,Government Quota,General,West Bengal,CBSE,Hosteller,83.1,79.0,65.0,65.0,75.0,0,stable,none,50,39,11,86.0,0,0.74,4.25,1.82,3.82,0.772,0.943,0.418,6.28,0.36,2.86,1.0,On Installment (Overdue),No Scholarship,No Loan,>8 LPA,No,0.1316,financial,0,No Risk,none
S00113,8.6,0,0,SENSE-ECE,99.9,Management Quota,OBC,West Bengal,CBSE,DayScholar,87.4,75.3,65.0,65.0,75.0,3,recovering,none,50,16,34,96.0,0,-0.26,2.75,3.63,4.38,0.466,0.371,0.594,9.7,0.3,3.54,,Fully Paid,Category-Based,No Loan,2.5-8 LPA,No,0.015,diagnostic,0,No Risk,none
S00114,8.91,0,0,SCOPE-CSE,77.8,Management Quota,General,Maharashtra,CBSE,Hosteller,76.9,74.6,65.0,65.0,75.0,3,stable,none,50,14,36,94.0,0,-0.77,5.0,,2.63,1.0,1.0,0.539,9.59,-0.42,2.66,1.0,Fully Paid,No Scholarship,No Loan,2.5-8 LPA,No,0.0756,behavioural,0,No Risk,none
S00115,7.24,0,0,SENSE-ECE,62.8,Government Quota,EWS,Uttar Pradesh,State Board,Hosteller,80.1,70.7,65.0,65.0,75.0,3,recovering,none,50,45,5,82.0,0,-0.95,5.0,2.1,3.82,0.974,1.0,0.569,10.05,-1.13,2.02,0.0,Fully Paid,No Scholarship,No Loan,<2.5 LPA,No,0.0441,behavioural,0,No Risk,none
S00116,8.19,0,0,SCE-CIVIL,67.7,Government Quota,General,Karnataka,CBSE,Hosteller,76.9,68.7,65.0,65.0,75.0,5,stable,none,50,21,29,90.0,0,-0.85,4.13,1.8,5.0,0.723,0.812,0.546,11.99,-1.62,2.54,0.0,Fully Paid,No Scholarship,Active Loan (No Stress Flagged),2.5-8 LPA,No,0.2446,behavioural,2,Attendance-Debarment Risk,psychosocial
S00117,6.02,1,2,SENSE-ECE,67.9,Government Quota,General,Uttar Pradesh,ICSE,Hosteller,64.8,50.9,65.0,65.0,75.0,6,stable,none,50,9,41,94.0,0,-1.0,2.07,2.14,4.16,0.654,0.717,0.395,10.13,1.1,3.94,4.0,On Installment (On-Time),No Scholarship,No Loan,>8 LPA,No,0.0823,pedagogy,0,No Risk,none
S00118,6.88,1,8,SENSE-ECE,74.4,Government Quota,OBC,Karnataka,ICSE,Hosteller,70.5,65.3,65.0,65.0,75.0,8,stable,none,50,17,33,90.0,0,-0.36,3.26,,2.41,0.532,0.483,0.28,4.81,0.12,3.47,2.0,Fully Paid,No Scholarship,No Loan,<2.5 LPA,No,0.0712,visual_engagement,0,No Risk,none
S00119,5.62,2,13,SCOPE-CSE,54.5,Government Quota,EWS,Andhra Pradesh,CBSE,Hosteller,83.2,82.1,65.0,65.0,75.0,0,stable,none,50,41,9,86.0,0,-1.0,3.75,3.6,5.0,0.777,0.784,0.494,10.41,-0.94,5.33,1.0,On Installment (On-Time),Category-Based,No Loan,<2.5 LPA,No,0.0219,behavioural,0,No Risk,none
S00120,7.66,0,0,SBST-BIOTECH,75.1,Management Quota,General,Delhi-NCR,CBSE,DayScholar,87.6,54.0,65.0,65.0,75.0,7,recovering,none,50,11,39,98.0,0,0.47,4.09,3.48,5.0,0.763,0.749,0.555,10.28,-0.25,2.94,,On Installment (On-Time),Sports-Cultural Quota,No Loan,2.5-8 LPA,Yes,0.0216,attendance,0,No Risk,none
S00121,8.22,0,0,SCOPE-CSE,88.3,Government Quota,General,Uttar Pradesh,State Board,Hosteller,90.4,86.6,65.0,65.0,75.0,0,declining,early,50,8,42,98.0,0,-0.52,2.87,3.76,2.58,0.811,0.795,0.338,9.34,-0.26,2.68,2.0,On Installment (On-Time),Institutional Need-Based,Active Loan (No Stress Flagged),2.5-8 LPA,No,0.1183,financial,0,No Risk,none
S00122,7.99,0,0,SBST-BIOTECH,69.4,Management Quota,OBC,Maharashtra,ICSE,Hosteller,80.7,80.3,65.0,65.0,75.0,1,declining,late,50,36,14,86.0,0,0.44,4.32,3.06,3.96,0.824,0.812,0.729,8.94,0.68,0.0,2.0,On Installment (Overdue),No Scholarship,No Loan,2.5-8 LPA,Yes,0.165,financial,0,No Risk,none
S00123,7.81,0,0,SCOPE-CSE,89.6,Government Quota,EWS,Uttar Pradesh,CBSE,Hosteller,78.9,77.9,65.0,65.0,75.0,0,stable,none,50,42,8,82.0,0,0.81,2.73,3.22,2.35,0.69,0.815,0.514,6.97,0.21,2.71,2.0,Fully Paid,Category-Based,No Loan,2.5-8 LPA,Yes,0.0,pedagogy,0,No Risk,none
S00124,8.31,0,0,SENSE-ECE,69.1,Government Quota,General,Andhra Pradesh,CBSE,DayScholar,92.6,92.2,65.0,65.0,75.0,6,recovering,none,50,17,33,98.0,0,-1.0,3.27,2.05,2.38,0.817,0.881,0.754,11.82,-0.03,1.51,,Fully Paid,Sports-Cultural Quota,No Loan,>8 LPA,Yes,0.0967,pedagogy,0,No Risk,none
S00125,6.44,1,11,SBST-BIOTECH,76.2,Management Quota,General,Kerala,International,Hosteller,87.9,86.4,65.0,65.0,75.0,0,stable,none,50,39,11,90.0,0,0.23,1.86,3.65,2.59,0.345,0.342,0.833,13.67,-0.36,3.02,1.0,Fully Paid,Institutional Need-Based,Active Loan (No Stress Flagged),<2.5 LPA,No,0.1504,pedagogy,0,No Risk,none
S00126,9.71,0,0,SCOPE-CSE,95.7,Government Quota,ST,Bihar,CBSE,Hosteller,65.7,63.5,65.0,65.0,75.0,4,declining,early,50,41,9,72.0,0,0.72,4.66,,2.44,1.0,1.0,0.429,10.61,0.13,2.84,2.0,On Installment (On-Time),Merit-Based,Active Loan (Repayment Stress Flagged),2.5-8 LPA,No,0.1239,financial,0,No Risk,none
S00127,7.45,0,0,SCE-CIVIL,82.5,Management Quota,General,Maharashtra,CBSE,DayScholar,91.8,71.6,65.0,65.0,75.0,0,stable,none,50,28,22,96.0,0,0.23,4.62,2.31,4.27,0.644,0.677,0.522,11.03,1.06,2.63,,Fully Paid,No Scholarship,Active Loan (No Stress Flagged),<2.5 LPA,No,0.106,financial,0,No Risk,none
S00128,6.98,0,0,SBST-BIOTECH,71.4,Government Quota,ST,Delhi-NCR,State Board,Hosteller,100.0,93.6,65.0,65.0,75.0,2,stable,none,50,27,23,100.0,0,-0.35,1.93,4.71,3.47,0.766,0.686,0.621,15.03,-0.29,2.11,1.0,On Installment (On-Time),Institutional Need-Based,No Loan,2.5-8 LPA,Yes,0.0,pedagogy,0,No Risk,none
S00129,7.82,0,0,SBST-BIOTECH,79.9,Government Quota,General,Karnataka,CBSE,Hosteller,73.5,54.2,65.0,65.0,75.0,6,stable,none,50,21,29,88.0,0,-1.0,3.62,2.81,4.45,0.853,0.941,0.222,15.51,-1.29,6.06,0.0,Fully Paid,No Scholarship,No Loan,>8 LPA,No,0.0,visual_engagement,0,No Risk,none
S00130,8.44,0,0,SCOPE-CSE,91.8,Government Quota,General,Kerala,International,Hosteller,86.2,83.5,65.0,65.0,75.0,1,stable,none,50,30,20,92.0,0,-0.82,2.75,2.9,2.95,1.0,1.0,0.603,8.89,-0.7,0.0,0.0,Fully Paid,Institutional Need-Based,No Loan,2.5-8 LPA,No,0.0,behavioural,0,No Risk,none
S00131,9.69,1,28,SBST-BIOTECH,99.9,Management Quota,General,Andhra Pradesh,State Board,DayScholar,69.7,68.5,65.0,65.0,75.0,6,stable,none,50,41,9,76.0,0,-1.0,5.0,4.71,2.32,0.831,0.815,0.427,9.7,-0.56,0.97,,On Installment (Overdue),No Scholarship,Active Loan (No Stress Flagged),<2.5 LPA,No,0.2932,financial,2,Attendance-Debarment Risk,financial
S00132,7.22,1,2,SBST-BIOTECH,67.0,Government Quota,General,Bihar,CBSE,Hosteller,92.8,89.5,65.0,65.0,75.0,7,recovering,none,50,36,14,94.0,0,0.61,2.08,2.2,4.13,0.747,0.562,0.606,5.02,-0.15,0.0,2.0,On Installment (Overdue),No Scholarship,Active Loan (Repayment Stress Flagged),2.5-8 LPA,Yes,0.2201,financial,1,Backlog / Academic-Probation Risk,financial
S00133,5.53,2,11,SENSE-ECE,42.6,Government Quota,OBC,Andhra Pradesh,CBSE,DayScholar,59.9,59.5,65.0,65.0,75.0,4,recovering,none,50,15,35,88.0,0,-0.21,2.92,3.72,3.35,0.716,0.65,0.417,10.62,-0.11,2.37,,Fully Paid,No Scholarship,Active Loan (No Stress Flagged),<2.5 LPA,No,0.0873,financial,0,No Risk,none
S00134,8.17,0,0,SENSE-ECE,82.7,Management Quota,OBC,Delhi-NCR,CBSE,DayScholar,82.8,81.6,65.0,65.0,75.0,4,stable,none,50,14,36,96.0,0,-0.26,5.0,2.49,2.43,0.865,0.828,0.47,3.54,0.14,2.0,,Fully Paid,No Scholarship,No Loan,>8 LPA,No,0.07,pedagogy,0,No Risk,none
S00135,5.86,1,6,SCE-CIVIL,59.9,Government Quota,General,Uttar Pradesh,State Board,DayScholar,76.1,70.7,65.0,65.0,75.0,0,stable,none,50,41,9,80.0,0,-0.84,3.82,3.38,4.44,0.408,0.425,0.483,7.39,1.33,4.82,,On Installment (Overdue),No Scholarship,No Loan,2.5-8 LPA,Yes,0.1435,financial,0,No Risk,none
S00136,7.06,0,0,SMEC-MECH,58.4,Government Quota,OBC,Karnataka,ICSE,Hosteller,47.7,35.1,65.0,65.0,75.0,13,declining,late,50,29,21,70.0,0,-0.54,2.81,,5.0,0.949,0.976,0.232,12.37,-1.36,4.29,1.0,Fully Paid,No Scholarship,No Loan,<2.5 LPA,Yes,0.1729,visual_engagement,0,No Risk,none
S00137,8.72,1,8,SENSE-ECE,73.5,Management Quota,SC,Maharashtra,CBSE,Hosteller,72.3,71.0,65.0,65.0,75.0,1,stable,none,50,22,28,88.0,0,1.0,3.2,3.86,4.9,0.616,0.581,0.525,14.14,0.14,2.41,0.0,Fully Paid,Category-Based,Active Loan (Repayment Stress Flagged),2.5-8 LPA,Yes,0.189,financial,1,Backlog / Academic-Probation Risk,financial
S00138,8.2,0,0,SMEC-MECH,86.1,Government Quota,General,Maharashtra,CBSE,Hosteller,66.3,52.1,65.0,65.0,75.0,5,stable,none,50,22,28,86.0,0,-0.53,2.95,1.0,2.4,1.0,1.0,0.23,9.87,-0.03,4.69,3.0,Fully Paid,No Scholarship,Active Loan (Repayment Stress Flagged),<2.5 LPA,Yes,0.1757,visual_engagement,0,No Risk,none
S00139,3.91,4,18,SENSE-ECE,57.0,Government Quota,EWS,Delhi-NCR,CBSE,Hosteller,74.0,70.7,65.0,65.0,75.0,2,declining,late,50,32,18,84.0,0,0.12,3.42,3.38,2.78,0.249,0.107,0.397,9.7,-0.39,8.04,4.0,Fully Paid,Category-Based,No Loan,<2.5 LPA,Yes,0.2626,academic,2,Attendance-Debarment Risk,academic
S00140,8.48,0,0,SCE-CIVIL,80.7,Government Quota,ST,Delhi-NCR,CBSE,Hosteller,72.2,64.0,65.0,65.0,75.0,7,stable,none,50,22,28,88.0,0,-0.47,4.61,3.59,2.66,0.83,0.947,0.508,9.72,0.98,3.02,1.0,Fully Paid,Category-Based,Active Loan (No Stress Flagged),2.5-8 LPA,No,0.0383,financial,0,No Risk,none
S00141,8.34,1,2,SCE-CIVIL,83.3,Management Quota,SC,Kerala,ICSE,Hosteller,79.9,78.9,65.0,65.0,75.0,3,recovering,none,50,23,27,90.0,0,0.2,4.63,2.14,3.72,0.785,0.851,0.464,16.23,-2.34,2.22,0.0,Fully Paid,No Scholarship,Active Loan (No Stress Flagged),<2.5 LPA,Yes,0.1196,behavioural,0,No Risk,none
S00142,7.28,2,22,SENSE-ECE,73.8,Government Quota,General,Other,CBSE,Hosteller,97.4,79.5,65.0,65.0,75.0,2,stable,none,50,14,36,100.0,0,-0.44,3.68,3.63,5.0,0.909,0.98,0.555,12.18,-1.6,6.2,2.0,Fully Paid,No Scholarship,Active Loan (No Stress Flagged),2.5-8 LPA,Yes,0.1143,behavioural,0,No Risk,none
S00143,7.25,1,3,SCE-CIVIL,75.5,Management Quota,OBC,Other,ICSE,Hosteller,85.0,83.4,65.0,65.0,75.0,0,stable,none,50,21,29,94.0,0,0.91,2.62,,4.25,0.658,0.596,0.553,11.13,-0.11,4.95,0.0,On Installment (On-Time),No Scholarship,No Loan,2.5-8 LPA,No,0.0,pedagogy,0,No Risk,none
S00144,7.45,0,0,SMEC-MECH,74.7,Government Quota,SC,Other,State Board,DayScholar,74.3,68.0,65.0,65.0,75.0,13,stable,none,50,39,11,80.0,0,-0.52,3.05,4.71,1.51,0.548,0.356,0.313,7.57,-1.71,1.53,,On Installment (On-Time),No Scholarship,No Loan,<2.5 LPA,No,0.0321,pedagogy,0,No Risk,none
S00145,6.44,1,1,SCE-CIVIL,57.9,Management Quota,OBC,Bihar,State Board,DayScholar,56.9,52.5,65.0,65.0,75.0,5,declining,early,50,40,10,66.0,0,-0.42,3.28,3.95,4.07,0.72,0.647,0.279,6.8,-0.43,7.31,,On Installment (On-Time),No Scholarship,No Loan,2.5-8 LPA,Yes,0.0692,visual_engagement,0,No Risk,none
S00146,8.81,0,0,SENSE-ECE,89.1,Management Quota,SC,Karnataka,State Board,Hosteller,85.3,75.9,65.0,65.0,75.0,5,stable,none,50,22,28,94.0,0,0.94,4.06,2.09,2.57,0.752,0.796,0.627,13.77,0.21,2.11,3.0,Fully Paid,Merit-Based,Active Loan (No Stress Flagged),<2.5 LPA,Yes,0.0399,financial,0,No Risk,none
S00147,8.24,0,0,SENSE-ECE,82.5,Management Quota,General,Kerala,ICSE,DayScholar,91.7,88.8,65.0,65.0,75.0,2,stable,none,50,15,35,98.0,0,-1.0,4.62,,3.72,1.0,1.0,0.699,7.27,1.63,4.07,,Fully Paid,No Scholarship,Active Loan (No Stress Flagged),<2.5 LPA,Yes,0.086,financial,0,No Risk,none
S00148,6.82,2,4,SENSE-ECE,67.2,Government Quota,General,Karnataka,State Board,Hosteller,75.1,33.2,65.0,65.0,75.0,6,stable,none,50,20,30,90.0,0,0.49,2.6,3.99,3.65,0.609,0.524,0.466,7.77,-1.21,2.33,1.0,On Installment (On-Time),No Scholarship,Active Loan (No Stress Flagged),2.5-8 LPA,No,0.165,financial,0,No Risk,none
S00149,7.94,0,0,SCE-CIVIL,91.9,Management Quota,ST,Tamil Nadu,CBSE,Hosteller,84.7,70.1,65.0,65.0,75.0,5,stable,none,50,31,19,90.0,0,-0.05,2.94,3.77,4.48,0.743,0.818,0.553,7.32,-0.36,2.4,1.0,Fully Paid,No Scholarship,Active Loan (Repayment Stress Flagged),>8 LPA,Yes,0.127,financial,0,No Risk,none
S00150,5.23,2,1,SBST-BIOTECH,55.9,Management Quota,OBC,Karnataka,CBSE,Hosteller,89.1,83.5,65.0,65.0,75.0,3,recovering,none,50,26,24,94.0,0,-0.1,3.33,1.23,4.56,0.646,0.787,0.585,12.04,-1.57,4.43,0.0,Fully Paid,Institutional Need-Based,No Loan,2.5-8 LPA,No,0.0,behavioural,0,No Risk,none
S00151,9.46,0,0,SBST-BIOTECH,95.6,Management Quota,General,Uttar Pradesh,State Board,Hosteller,71.2,71.1,65.0,65.0,75.0,5,stable,none,50,33,17,82.0,0,0.06,3.53,4.18,2.42,0.913,0.91,0.455,3.64,0.79,1.65,0.0,On Installment (On-Time),Merit-Based,No Loan,<2.5 LPA,No,0.0599,pedagogy,0,No Risk,none
S00152,8.24,0,0,SENSE-ECE,76.0,Government Quota,General,Maharashtra,State Board,DayScholar,95.7,94.2,65.0,65.0,75.0,0,stable,none,50,46,4,96.0,0,0.24,3.98,3.3,3.91,0.786,0.943,0.934,7.16,-1.12,1.24,,Fully Paid,No Scholarship,No Loan,<2.5 LPA,Yes,0.0,behavioural,0,No Risk,none
S00153,7.75,0,0,SCE-CIVIL,71.1,Management Quota,General,West Bengal,State Board,Hosteller,89.6,84.2,65.0,65.0,75.0,1,stable,none,50,16,34,96.0,0,-1.0,3.17,2.74,4.88,0.847,0.993,0.628,10.24,-1.04,3.02,2.0,Fee Due >30 Days,No Scholarship,Active Loan (No Stress Flagged),<2.5 LPA,No,0.0042,financial,0,No Risk,none
S00154,7.93,0,0,SCOPE-CSE,67.7,Government Quota,EWS,Other,ICSE,DayScholar,99.5,97.2,65.0,65.0,75.0,2,stable,none,50,36,14,100.0,0,-0.7,2.85,,2.78,0.475,0.462,0.518,14.85,0.08,1.19,,Fully Paid,No Scholarship,No Loan,>8 LPA,No,0.0117,pedagogy,0,No Risk,none
S00155,6.35,1,1,SCE-CIVIL,68.5,Management Quota,SC,Delhi-NCR,State Board,Hosteller,77.3,73.5,65.0,65.0,75.0,0,stable,none,50,16,34,92.0,0,0.6,3.61,3.42,3.91,0.684,0.771,0.642,12.31,-0.03,0.66,0.0,Fee Due >30 Days,No Scholarship,Active Loan (Repayment Stress Flagged),2.5-8 LPA,Yes,0.1464,financial,0,No Risk,none
S00156,5.38,1,3,SENSE-ECE,53.0,Management Quota,ST,Uttar Pradesh,State Board,Hosteller,68.6,66.6,65.0,65.0,75.0,4,declining,early,50,36,14,78.0,0,1.0,3.89,3.73,3.45,0.496,0.578,0.349,12.1,-1.69,1.92,3.0,On Installment (On-Time),No Scholarship,Active Loan (Repayment Stress Flagged),2.5-8 LPA,No,0.2085,behavioural,1,Backlog / Academic-Probation Risk,psychosocial
S00157,8.56,1,10,SCOPE-CSE,90.8,Management Quota,OBC,Karnataka,CBSE,Hosteller,95.7,90.7,65.0,65.0,75.0,5,stable,none,50,13,37,98.0,0,-1.0,3.74,4.29,3.9,0.936,0.874,0.645,4.98,-2.1,4.48,1.0,Fully Paid,No Scholarship,Active Loan (No Stress Flagged),<2.5 LPA,Yes,0.0926,behavioural,0,No Risk,none
S00158,8.68,0,0,SENSE-ECE,68.4,Government Quota,General,Delhi-NCR,State Board,DayScholar,68.7,66.4,65.0,65.0,75.0,4,stable,none,50,6,44,96.0,0,-0.72,3.84,3.41,4.86,0.757,0.795,0.461,11.19,-0.87,1.38,,Fully Paid,Institutional Need-Based,No Loan,2.5-8 LPA,No,0.1208,behavioural,0,No Risk,none
S00159,7.36,0,0,SBST-BIOTECH,85.7,Management Quota,General,Tamil Nadu,ICSE,DayScholar,96.0,83.3,65.0,65.0,75.0,0,stable,none,50,20,30,98.0,0,-0.52,2.66,5.0,5.0,0.613,0.649,0.727,11.16,0.3,3.61,,Fully Paid,No Scholarship,No Loan,2.5-8 LPA,Yes,0.0747,pedagogy,0,No Risk,none
S00160,7.83,0,0,SCOPE-CSE,77.8,Government Quota,OBC,Uttar Pradesh,ICSE,Hosteller,86.1,82.0,65.0,65.0,75.0,2,stable,none,50,29,21,92.0,0,-0.66,3.5,1.17,3.34,0.719,0.73,0.5,10.41,1.82,2.35,1.0,Fully Paid,No Scholarship,Active Loan (Repayment Stress Flagged),<2.5 LPA,Yes,0.0626,financial,0,No Risk,none
S00161,7.0,0,0,SCOPE-CSE,65.6,Management Quota,EWS,Delhi-NCR,State Board,Hosteller,91.9,82.9,65.0,65.0,75.0,0,stable,none,50,25,25,96.0,0,1.0,4.65,,3.14,0.56,0.616,0.812,5.73,-1.72,1.34,0.0,Fully Paid,Institutional Need-Based,Active Loan (Repayment Stress Flagged),>8 LPA,Yes,0.1628,behavioural,0,No Risk,none
S00162,7.8,1,1,SENSE-ECE,70.3,Government Quota,General,Tamil Nadu,CBSE,Hosteller,93.4,90.2,65.0,65.0,75.0,1,recovering,none,50,31,19,96.0,0,0.49,4.46,1.97,4.34,0.601,0.656,0.63,11.65,-0.73,1.63,0.0,Fully Paid,Institutional Need-Based,No Loan,>8 LPA,Yes,0.0,behavioural,0,No Risk,none
S00163,6.42,1,1,SBST-BIOTECH,64.9,Government Quota,ST,Bihar,State Board,DayScholar,69.5,58.9,65.0,65.0,75.0,9,stable,none,50,21,29,88.0,0,-0.16,2.63,2.17,2.67,0.728,0.524,0.548,11.37,0.8,4.12,,Fully Paid,No Scholarship,Active Loan (Repayment Stress Flagged),2.5-8 LPA,No,0.197,financial,1,Backlog / Academic-Probation Risk,financial
S00164,8.57,0,0,SENSE-ECE,80.6,Management Quota,OBC,Maharashtra,State Board,Hosteller,69.4,53.5,65.0,65.0,75.0,4,stable,none,50,17,33,90.0,0,-0.43,3.52,4.19,4.2,1.0,0.955,0.276,7.83,-0.35,0.0,0.0,On Installment (On-Time),Merit-Based,No Loan,<2.5 LPA,No,0.0203,visual_engagement,0,No Risk,none
S00165,5.28,2,16,SMEC-MECH,67.6,Government Quota,OBC,Kerala,CBSE,DayScholar,76.1,32.8,65.0,65.0,75.0,4,stable,none,50,8,42,96.0,0,-0.33,3.1,,4.83,0.649,0.555,0.543,10.92,-0.91,4.7,,Fully Paid,No Scholarship,No Loan,2.5-8 LPA,Yes,0.006,academic,0,No Risk,none
S00166,8.01,0,0,SENSE-ECE,84.2,Management Quota,ST,Other,ICSE,Hosteller,65.5,58.2,65.0,65.0,75.0,12,declining,late,50,30,20,80.0,0,-0.05,5.0,,4.39,0.852,0.852,0.441,9.53,0.46,1.73,3.0,On Installment (On-Time),No Scholarship,No Loan,<2.5 LPA,No,0.0,attendance,0,No Risk,none
S00167,7.21,0,0,SBST-BIOTECH,63.4,Management Quota,OBC,Tamil Nadu,CBSE,DayScholar,61.2,59.9,65.0,65.0,75.0,7,stable,none,50,28,22,78.0,0,-0.38,2.65,3.73,3.89,0.946,0.824,0.246,10.47,-0.66,4.57,,On Installment (On-Time),Sports-Cultural Quota,Active Loan (No Stress Flagged),<2.5 LPA,No,0.1892,visual_engagement,1,Backlog / Academic-Probation Risk,pedagogical
S00168,7.64,0,0,SCE-CIVIL,79.8,Government Quota,EWS,Bihar,CBSE,Hosteller,84.5,77.0,65.0,65.0,75.0,3,stable,none,50,38,12,88.0,0,0.18,3.97,2.54,2.72,0.981,1.0,0.499,9.68,-0.2,3.06,0.0,Fully Paid,Merit-Based,No Loan,<2.5 LPA,Yes,0.0395,pedagogy,0,No Risk,none
S00169,4.09,6,2,SENSE-ECE,9.2,Government Quota,OBC,Karnataka,CBSE,DayScholar,76.3,72.8,65.0,65.0,75.0,3,stable,none,50,36,14,82.0,0,0.04,3.89,,4.18,0.499,0.489,0.442,1.15,-0.03,3.01,,Fully Paid,No Scholarship,No Loan,2.5-8 LPA,No,0.1031,academic,0,No Risk,none
S00170,7.64,1,11,SENSE-ECE,79.8,Management Quota,OBC,Tamil Nadu,State Board,Hosteller,58.3,49.9,65.0,65.0,75.0,6,stable,none,50,14,36,88.0,0,1.0,3.12,2.21,1.67,0.994,1.0,0.355,6.81,1.71,2.3,4.0,Fee Due >30 Days,No Scholarship,Active Loan (No Stress Flagged),2.5-8 LPA,Yes,0.2617,financial,2,Attendance-Debarment Risk,financial
S00171,6.79,1,26,SCE-CIVIL,60.1,Government Quota,General,Other,CBSE,DayScholar,59.9,59.6,65.0,65.0,75.0,5,declining,late,50,30,20,76.0,0,0.12,4.3,5.0,3.55,0.708,0.602,0.234,12.94,-1.44,0.0,,Fee Due >30 Days,No Scholarship,No Loan,<2.5 LPA,Yes,0.2489,financial,2,Attendance-Debarment Risk,financial
S00172,6.8,0,0,SBST-BIOTECH,48.3,Management Quota,General,Karnataka,State Board,DayScholar,58.2,52.3,65.0,65.0,75.0,4,declining,early,50,12,38,90.0,0,0.26,4.62,,2.53,0.716,0.712,0.259,10.97,-3.0,7.82,,Fee Due >30 Days,No Scholarship,No Loan,<2.5 LPA,No,0.3318,behavioural,3,Withdrawal / Discontinuation Risk,psychosocial
S00173,7.53,1,4,SCE-CIVIL,73.4,Government Quota,OBC,Other,State Board,Hosteller,93.7,88.8,65.0,65.0,75.0,1,recovering,none,50,17,33,98.0,0,-0.41,3.44,3.89,2.49,0.643,0.803,0.772,9.58,-0.54,5.25,0.0,On Installment (Overdue),No Scholarship,Active Loan (No Stress Flagged),<2.5 LPA,Yes,0.1539,financial,0,No Risk,none
S00174,6.81,1,17,SBST-BIOTECH,54.1,Government Quota,General,Tamil Nadu,CBSE,Hosteller,83.6,78.9,65.0,65.0,75.0,2,stable,none,50,7,43,98.0,0,0.22,3.23,3.68,3.02,0.481,0.507,0.511,3.83,0.41,4.93,0.0,Fully Paid,Category-Based,Active Loan (No Stress Flagged),2.5-8 LPA,Yes,0.0678,financial,0,No Risk,none
S00175,6.46,1,8,SBST-BIOTECH,45.3,Management Quota,OBC,Kerala,CBSE,DayScholar,86.8,80.0,65.0,65.0,75.0,2,declining,early,50,45,5,88.0,0,0.86,4.15,2.37,3.13,0.763,0.818,0.704,13.45,1.1,5.41,,On Installment (Overdue),No Scholarship,No Loan,<2.5 LPA,No,0.0866,financial,0,No Risk,none
S00176,9.06,0,0,SENSE-ECE,94.9,Management Quota,OBC,Other,CBSE,Hosteller,93.3,91.4,65.0,65.0,75.0,5,stable,none,50,45,5,94.0,0,0.91,3.14,3.23,4.18,1.0,1.0,0.87,12.69,-0.33,4.66,1.0,On Installment (On-Time),No Scholarship,Active Loan (Repayment Stress Flagged),<2.5 LPA,Yes,0.1044,financial,0,No Risk,none
S00177,7.95,0,0,SCOPE-CSE,81.8,Management Quota,OBC,Maharashtra,CBSE,Hosteller,77.1,68.7,65.0,65.0,75.0,7,stable,none,50,41,9,82.0,0,1.0,3.7,3.13,3.93,0.842,0.883,0.488,11.36,-0.39,2.52,0.0,Fully Paid,Sports-Cultural Quota,No Loan,<2.5 LPA,No,0.0585,behavioural,0,No Risk,none
S00178,8.08,0,0,SENSE-ECE,77.6,Government Quota,OBC,Uttar Pradesh,State Board,DayScholar,89.2,88.9,65.0,65.0,75.0,0,declining,early,50,9,41,98.0,0,0.53,1.0,1.29,4.24,0.675,0.679,0.977,3.18,0.6,0.0,,Fully Paid,No Scholarship,Active Loan (No Stress Flagged),<2.5 LPA,No,0.1745,pedagogy,0,No Risk,none
S00179,6.01,1,4,SBST-BIOTECH,68.9,Government Quota,General,Uttar Pradesh,State Board,DayScholar,83.3,76.2,65.0,65.0,75.0,2,stable,none,50,42,8,86.0,0,0.0,3.11,2.69,2.0,0.488,0.643,0.508,11.61,-2.58,4.14,,Fully Paid,Merit-Based,No Loan,<2.5 LPA,No,0.0985,behavioural,0,No Risk,none
S00180,6.44,0,0,SCE-CIVIL,70.3,Government Quota,OBC,Kerala,CBSE,Hosteller,79.4,71.5,65.0,65.0,75.0,5,stable,none,50,39,11,84.0,0,-0.8,2.08,3.75,1.76,0.75,0.78,0.499,7.4,-1.08,5.05,0.0,Fully Paid,Merit-Based,Active Loan (No Stress Flagged),2.5-8 LPA,Yes,0.1695,pedagogy,0,No Risk,none
S00181,6.7,1,2,SENSE-ECE,55.0,Management Quota,General,Other,CBSE,Hosteller,74.4,63.2,65.0,65.0,75.0,12,stable,none,50,13,37,94.0,0,0.61,5.0,1.82,2.06,0.786,0.88,0.549,7.9,0.73,2.68,1.0,Fully Paid,No Scholarship,No Loan,2.5-8 LPA,Yes,0.0231,pedagogy,0,No Risk,none
S00182,6.37,1,33,SMEC-MECH,59.2,Management Quota,General,Tamil Nadu,CBSE,Hosteller,82.2,67.5,65.0,65.0,75.0,10,stable,none,50,24,26,92.0,0,-0.87,2.17,3.62,3.48,0.248,0.412,0.415,15.66,-1.55,1.38,2.0,On Installment (Overdue),No Scholarship,Active Loan (Repayment Stress Flagged),>8 LPA,No,0.3202,financial,3,Withdrawal / Discontinuation Risk,financial
S00183,6.07,1,2,SENSE-ECE,55.7,Management Quota,OBC,Other,CBSE,DayScholar,69.5,55.3,65.0,65.0,75.0,7,recovering,none,50,44,6,74.0,0,-0.21,5.0,2.51,3.13,0.575,0.69,0.311,10.82,1.35,0.37,,On Installment (Overdue),Category-Based,Active Loan (No Stress Flagged),<2.5 LPA,No,0.2026,financial,1,Backlog / Academic-Probation Risk,financial
S00184,6.08,1,22,SMEC-MECH,70.7,Management Quota,General,Tamil Nadu,CBSE,Hosteller,60.4,46.7,65.0,65.0,75.0,4,recovering,none,50,19,31,84.0,0,-0.11,4.95,,3.76,0.902,0.995,0.418,8.15,-0.61,1.64,4.0,Fee Due >30 Days,Category-Based,Active Loan (Repayment Stress Flagged),<2.5 LPA,No,0.2045,financial,1,Backlog / Academic-Probation Risk,financial
S00185,7.36,0,0,SCOPE-CSE,59.5,Government Quota,OBC,Uttar Pradesh,CBSE,Hosteller,88.0,86.3,65.0,65.0,75.0,1,recovering,none,50,10,40,98.0,0,-1.0,3.19,,5.0,0.773,0.705,0.584,2.18,-1.18,3.07,1.0,On Installment (On-Time),No Scholarship,Active Loan (Repayment Stress Flagged),>8 LPA,No,0.0726,financial,0,No Risk,none
S00186,8.03,0,0,SMEC-MECH,72.4,Management Quota,SC,Maharashtra,ICSE,DayScholar,90.2,82.5,65.0,65.0,75.0,4,stable,none,50,45,5,92.0,0,0.11,4.99,3.46,3.21,0.794,0.73,0.771,7.68,0.93,1.76,,Fully Paid,Category-Based,Active Loan (Repayment Stress Flagged),2.5-8 LPA,Yes,0.1133,financial,0,No Risk,none
S00187,7.23,0,0,SBST-BIOTECH,70.7,Management Quota,EWS,Maharashtra,CBSE,DayScholar,89.1,81.7,65.0,65.0,75.0,3,stable,none,50,46,4,90.0,0,-0.53,3.37,4.25,3.3,0.995,0.998,0.563,9.49,-1.42,0.93,,On Installment (Overdue),No Scholarship,Active Loan (No Stress Flagged),<2.5 LPA,No,0.257,financial,2,Attendance-Debarment Risk,financial
S00188,6.34,1,27,SMEC-MECH,62.2,Management Quota,OBC,Maharashtra,State Board,Hosteller,64.1,52.3,65.0,65.0,75.0,9,stable,none,50,27,23,80.0,0,0.38,3.18,3.36,2.25,0.698,0.82,0.331,8.89,0.27,0.0,4.0,Fully Paid,Sports-Cultural Quota,Active Loan (Repayment Stress Flagged),>8 LPA,No,0.0921,financial,0,No Risk,none
S00189,6.73,2,17,SCOPE-CSE,79.2,Government Quota,General,Karnataka,CBSE,DayScholar,53.5,45.0,65.0,65.0,75.0,8,stable,none,50,15,35,86.0,0,1.0,2.78,2.11,4.39,0.988,0.8,0.194,12.79,-1.55,4.13,,Fee Due >30 Days,No Scholarship,Active Loan (No Stress Flagged),<2.5 LPA,Yes,0.3041,financial,2,Attendance-Debarment Risk,financial
S00190,6.28,3,16,SMEC-MECH,67.0,Management Quota,General,Tamil Nadu,CBSE,DayScholar,76.9,55.0,65.0,65.0,75.0,4,stable,none,50,25,25,88.0,0,-1.0,1.66,,2.04,0.817,0.753,0.439,5.97,0.92,1.39,,On Installment (On-Time),Merit-Based,No Loan,<2.5 LPA,No,0.1187,pedagogy,0,No Risk,none
S00191,8.42,0,0,SCE-CIVIL,62.7,Government Quota,EWS,Karnataka,CBSE,Hosteller,69.9,64.8,65.0,65.0,75.0,4,stable,none,50,9,41,94.0,0,-0.28,5.0,2.26,5.0,0.936,1.0,0.345,10.38,-0.76,3.29,3.0,On Installment (Overdue),Category-Based,Active Loan (Repayment Stress Flagged),<2.5 LPA,No,0.3067,financial,2,Attendance-Debarment Risk,financial
S00192,5.72,1,39,SCE-CIVIL,52.4,Management Quota,General,Kerala,CBSE,Hosteller,62.8,56.5,65.0,65.0,75.0,4,stable,none,50,29,21,78.0,0,0.02,2.12,,4.24,0.506,0.437,0.192,7.55,1.66,3.15,6.0,Fee Due >30 Days,No Scholarship,Active Loan (Repayment Stress Flagged),2.5-8 LPA,Yes,0.3687,financial,3,Withdrawal / Discontinuation Risk,financial
S00193,7.46,1,1,SBST-BIOTECH,89.5,Government Quota,General,Karnataka,State Board,Hosteller,82.1,80.8,65.0,65.0,75.0,3,stable,none,50,42,8,84.0,0,1.0,4.11,4.66,3.31,0.751,0.979,0.716,9.48,-0.55,5.93,0.0,Fully Paid,No Scholarship,No Loan,2.5-8 LPA,Yes,0.0418,behavioural,0,No Risk,none
S00194,7.89,0,0,SENSE-ECE,69.4,Management Quota,General,Uttar Pradesh,ICSE,Hosteller,88.1,84.2,65.0,65.0,75.0,1,stable,none,50,39,11,90.0,0,0.2,3.66,,1.66,0.658,0.686,0.328,8.37,-0.35,2.57,0.0,Fully Paid,Merit-Based,No Loan,2.5-8 LPA,Yes,0.0234,pedagogy,0,No Risk,none
S00195,7.62,0,0,SMEC-MECH,63.5,Management Quota,General,Andhra Pradesh,ICSE,Hosteller,90.4,72.2,65.0,65.0,75.0,1,stable,none,50,41,9,92.0,0,1.0,4.26,4.37,2.84,0.778,0.776,0.652,8.04,-0.79,3.83,3.0,On Installment (On-Time),No Scholarship,Active Loan (No Stress Flagged),2.5-8 LPA,No,0.1243,financial,0,No Risk,none
S00196,8.57,0,0,SCOPE-CSE,78.1,Government Quota,General,Karnataka,CBSE,Hosteller,93.8,78.3,65.0,65.0,75.0,2,stable,none,50,24,26,98.0,0,-0.91,3.27,1.59,4.05,0.959,1.0,0.586,9.88,-0.13,6.38,3.0,Fully Paid,No Scholarship,No Loan,2.5-8 LPA,Yes,0.0,behavioural,0,No Risk,none
S00197,7.34,1,7,SCE-CIVIL,72.5,Management Quota,General,Bihar,International,Hosteller,63.1,29.3,65.0,65.0,75.0,5,stable,none,50,20,30,86.0,0,-0.37,3.42,1.36,1.8,0.808,0.634,0.277,9.99,0.32,2.72,2.0,Fully Paid,Category-Based,No Loan,<2.5 LPA,No,0.0729,visual_engagement,0,No Risk,none
S00198,6.84,2,15,SENSE-ECE,67.1,Government Quota,OBC,Andhra Pradesh,CBSE,DayScholar,74.3,70.2,65.0,65.0,75.0,1,stable,none,50,20,30,90.0,0,-0.87,3.44,5.0,3.98,0.696,0.715,0.575,7.23,-0.24,0.82,,On Installment (On-Time),No Scholarship,Active Loan (No Stress Flagged),2.5-8 LPA,No,0.0723,financial,0,No Risk,none
S00199,6.5,0,0,SMEC-MECH,67.0,Management Quota,OBC,Maharashtra,CBSE,DayScholar,76.1,64.3,65.0,65.0,75.0,4,stable,none,50,12,38,94.0,0,-0.45,2.46,3.32,2.61,0.664,0.54,0.262,12.46,-0.57,1.33,,On Installment (Overdue),No Scholarship,Active Loan (No Stress Flagged),<2.5 LPA,No,0.1257,financial,0,No Risk,none
S00200,10.0,0,0,SCOPE-CSE,99.9,Management Quota,General,Karnataka,State Board,Hosteller,78.6,67.8,65.0,65.0,75.0,14,stable,none,50,47,3,80.0,0,-1.0,5.0,3.15,3.0,1.0,1.0,0.556,5.44,-1.48,2.2,0.0,On Installment (Overdue),No Scholarship,No Loan,<2.5 LPA,Yes,0.1702,financial,0,No Risk,none
S00201,6.89,1,8,SCE-CIVIL,56.5,Management Quota,OBC,Tamil Nadu,CBSE,Hosteller,62.1,52.9,65.0,65.0,75.0,4,stable,none,50,6,44,96.0,0,-0.27,4.3,4.61,3.0,0.717,0.704,0.202,6.06,-0.54,3.5,4.0,On Installment (Overdue),No Scholarship,Active Loan (Repayment Stress Flagged),<2.5 LPA,No,0.1618,financial,0,No Risk,none
S00202,8.25,0,0,SBST-BIOTECH,88.8,Government Quota,SC,Andhra Pradesh,CBSE,DayScholar,72.9,68.8,65.0,65.0,75.0,7,stable,none,50,33,17,82.0,0,1.0,4.03,2.96,4.06,0.822,0.837,0.512,9.57,-0.9,4.2,,Fully Paid,No Scholarship,Active Loan (Repayment Stress Flagged),<2.5 LPA,No,0.1457,financial,0,No Risk,none
S00203,6.91,3,5,SENSE-ECE,69.2,Government Quota,OBC,West Bengal,CBSE,Hosteller,70.8,62.3,65.0,65.0,75.0,7,stable,none,50,43,7,74.0,0,-0.99,5.0,3.27,2.25,0.921,0.985,0.276,3.21,-0.35,0.09,0.0,Fully Paid,Merit-Based,Active Loan (No Stress Flagged),2.5-8 LPA,Yes,0.2904,visual_engagement,2,Attendance-Debarment Risk,pedagogical
S00204,7.49,0,0,SCE-CIVIL,69.8,Management Quota,OBC,Karnataka,State Board,DayScholar,88.1,78.8,65.0,65.0,75.0,6,recovering,none,50,46,4,90.0,0,-0.31,3.85,3.35,2.33,0.787,0.833,0.516,9.83,0.03,1.77,,On Installment (On-Time),No Scholarship,Active Loan (No Stress Flagged),2.5-8 LPA,No,0.0,financial,0,No Risk,none
S00205,4.88,5,1,SMEC-MECH,36.6,Government Quota,EWS,Delhi-NCR,State Board,DayScholar,60.5,47.0,65.0,65.0,75.0,6,declining,late,50,29,21,78.0,0,-1.0,1.0,4.65,5.0,0.485,0.256,0.255,7.53,-0.71,6.3,,Fee Due >30 Days,No Scholarship,No Loan,2.5-8 LPA,No,0.2725,pedagogy,2,Attendance-Debarment Risk,pedagogical
S00206,7.46,0,0,SCOPE-CSE,82.2,Government Quota,EWS,Other,CBSE,Hosteller,77.6,72.7,65.0,65.0,75.0,4,stable,none,50,21,29,90.0,0,-0.39,3.5,1.42,3.17,0.866,0.853,0.449,10.49,-0.23,0.94,1.0,Fully Paid,Category-Based,Active Loan (No Stress Flagged),2.5-8 LPA,Yes,0.0903,financial,0,No Risk,none
S00207,5.59,2,13,SBST-BIOTECH,56.9,Management Quota,ST,Andhra Pradesh,State Board,Hosteller,76.6,69.2,65.0,65.0,75.0,5,stable,none,50,19,31,92.0,0,1.0,1.87,,3.16,0.496,0.407,0.31,13.21,-1.52,2.6,0.0,Fully Paid,No Scholarship,No Loan,<2.5 LPA,No,0.0348,behavioural,0,No Risk,none
S00208,8.32,1,26,SCE-CIVIL,87.2,Government Quota,SC,Delhi-NCR,CBSE,Hosteller,53.7,40.0,65.0,65.0,75.0,6,declining,late,50,46,4,58.0,1,1.0,4.26,,4.17,1.0,1.0,0.351,11.62,-0.31,2.92,3.0,Fully Paid,No Scholarship,No Loan,2.5-8 LPA,No,0.24,attendance,2,Attendance-Debarment Risk,academic
S00209,8.3,0,0,SENSE-ECE,56.4,Management Quota,OBC,West Bengal,CBSE,DayScholar,57.6,44.7,65.0,65.0,75.0,10,stable,none,50,41,9,66.0,0,1.0,2.94,1.96,2.31,0.891,0.776,0.365,8.01,-1.31,1.94,,On Installment (Overdue),No Scholarship,Active Loan (No Stress Flagged),2.5-8 LPA,No,0.1957,financial,1,Backlog / Academic-Probation Risk,financial
S00210,7.95,1,13,SMEC-MECH,76.1,Government Quota,OBC,Karnataka,CBSE,Hosteller,74.0,70.7,65.0,65.0,75.0,5,declining,late,50,27,23,86.0,0,0.12,2.84,3.84,2.59,0.809,0.813,0.586,7.7,0.67,3.08,2.0,On Installment (Overdue),No Scholarship,Active Loan (No Stress Flagged),2.5-8 LPA,No,0.1602,financial,0,No Risk,none
S00211,6.85,0,0,SCE-CIVIL,56.8,Management Quota,OBC,Other,State Board,Hosteller,100.0,89.3,65.0,65.0,75.0,0,stable,none,50,9,41,100.0,0,0.22,4.5,5.0,3.92,0.98,1.0,0.483,17.83,-0.67,5.99,1.0,Fully Paid,Category-Based,Active Loan (No Stress Flagged),>8 LPA,No,0.0,financial,0,No Risk,none
S00212,7.75,1,3,SENSE-ECE,73.7,Government Quota,ST,Andhra Pradesh,CBSE,Hosteller,67.1,53.9,65.0,65.0,75.0,6,declining,late,50,43,7,72.0,0,0.7,4.37,2.54,2.76,0.901,0.965,0.245,4.45,0.73,1.91,0.0,On Installment (On-Time),No Scholarship,No Loan,2.5-8 LPA,No,0.008,visual_engagement,0,No Risk,none
S00213,8.84,0,0,SCE-CIVIL,83.5,Management Quota,EWS,Kerala,CBSE,Hosteller,68.2,67.5,65.0,65.0,75.0,5,declining,early,50,11,39,94.0,0,0.16,2.36,1.75,4.01,0.909,0.712,0.424,9.83,0.42,2.22,1.0,Fully Paid,Category-Based,No Loan,<2.5 LPA,No,0.1998,pedagogy,1,Backlog / Academic-Probation Risk,pedagogical
S00214,6.36,3,2,SBST-BIOTECH,63.4,Government Quota,General,Other,CBSE,Hosteller,85.7,84.9,65.0,65.0,75.0,0,stable,none,50,14,36,96.0,0,0.11,5.0,3.53,3.65,0.657,0.631,0.546,9.16,-0.12,3.68,1.0,Fully Paid,No Scholarship,No Loan,<2.5 LPA,Yes,0.0143,academic,0,No Risk,none
S00215,8.3,0,0,SBST-BIOTECH,67.7,Government Quota,General,Bihar,State Board,Hosteller,84.1,81.7,65.0,65.0,75.0,7,recovering,none,50,40,10,88.0,0,-0.5,4.21,2.67,2.87,0.669,0.831,0.424,7.9,1.16,1.86,0.0,Fully Paid,No Scholarship,No Loan,2.5-8 LPA,Yes,0.0,visual_engagement,0,No Risk,none
S00216,7.8,0,0,SCE-CIVIL,62.8,Government Quota,General,Maharashtra,State Board,Hosteller,75.0,71.1,65.0,65.0,75.0,1,recovering,none,50,43,7,78.0,0,-0.07,2.62,,3.52,0.877,0.852,0.519,9.45,-0.89,3.23,2.0,On Installment (On-Time),No Scholarship,No Loan,2.5-8 LPA,No,0.1014,behavioural,0,No Risk,none
S00217,9.03,0,0,SCOPE-CSE,99.9,Government Quota,General,Delhi-NCR,State Board,Hosteller,66.5,62.4,65.0,65.0,75.0,10,stable,none,50,44,6,70.0,0,-0.78,3.03,3.19,3.5,0.857,1.0,0.279,14.17,-1.14,3.15,3.0,Fully Paid,Merit-Based,No Loan,2.5-8 LPA,Yes,0.132,behavioural,0,No Risk,none
S00218,8.55,1,29,SCOPE-CSE,83.5,Management Quota,General,Andhra Pradesh,CBSE,Hosteller,66.6,55.6,65.0,65.0,75.0,5,declining,late,50,14,36,90.0,0,0.44,3.1,2.63,4.45,1.0,0.92,0.343,10.67,-0.96,3.54,6.0,Fully Paid,Category-Based,No Loan,<2.5 LPA,No,0.0523,behavioural,0,No Risk,none
S00219,6.56,1,11,SMEC-MECH,70.8,Government Quota,SC,Tamil Nadu,State Board,Hosteller,74.7,59.1,65.0,65.0,75.0,8,stable,none,50,31,19,84.0,0,1.0,4.89,2.8,2.36,0.828,0.929,0.746,8.4,1.87,2.69,0.0,Fully Paid,No Scholarship,No Loan,<2.5 LPA,No,0.0266,pedagogy,0,No Risk,none
S00220,7.99,0,0,SCE-CIVIL,75.8,Government Quota,General,Tamil Nadu,State Board,DayScholar,78.7,28.1,65.0,65.0,75.0,5,stable,none,50,45,5,80.0,0,0.12,3.14,,4.07,0.715,0.681,0.432,13.71,-0.14,3.16,,Fully Paid,Merit-Based,Active Loan (No Stress Flagged),>8 LPA,Yes,0.0029,financial,0,No Risk,none
S00221,6.55,2,28,SCOPE-CSE,61.9,Management Quota,General,Karnataka,CBSE,DayScholar,89.1,77.9,65.0,65.0,75.0,5,declining,early,50,5,45,98.0,0,-0.99,3.39,3.72,2.06,0.657,0.734,0.7,6.71,-0.08,3.37,,Fully Paid,Institutional Need-Based,No Loan,>8 LPA,No,0.0149,pedagogy,0,No Risk,none
S00222,5.2,3,8,SENSE-ECE,33.5,Government Quota,EWS,Tamil Nadu,CBSE,Hosteller,80.6,78.6,65.0,65.0,75.0,0,stable,none,50,33,17,88.0,0,-0.26,3.33,,2.68,0.723,0.884,0.596,5.56,-1.89,5.16,0.0,Fee Due >30 Days,No Scholarship,Active Loan (Repayment Stress Flagged),<2.5 LPA,No,0.2209,financial,1,Backlog / Academic-Probation Risk,financial
S00223,8.65,0,0,SBST-BIOTECH,91.3,Government Quota,General,Uttar Pradesh,ICSE,Hosteller,61.4,61.2,65.0,65.0,75.0,8,stable,none,50,35,15,72.0,0,-0.51,3.45,3.13,4.45,0.745,0.779,0.367,8.8,0.74,3.3,3.0,Fully Paid,No Scholarship,Active Loan (Repayment Stress Flagged),<2.5 LPA,No,0.0937,financial,0,No Risk,none
S00224,8.26,0,0,SMEC-MECH,89.4,Management Quota,General,West Bengal,CBSE,Hosteller,77.5,72.6,65.0,65.0,75.0,14,recovering,none,50,46,4,80.0,0,-1.0,2.41,3.0,3.62,0.749,0.541,0.587,3.48,-0.65,2.89,1.0,Fully Paid,No Scholarship,Active Loan (No Stress Flagged),<2.5 LPA,No,0.1312,financial,0,No Risk,none
S00225,8.41,0,0,SBST-BIOTECH,77.4,Government Quota,OBC,Kerala,CBSE,Hosteller,84.5,78.5,65.0,65.0,75.0,2,stable,none,50,15,35,96.0,0,-0.37,3.92,5.0,3.08,0.743,0.639,0.732,11.26,0.35,9.23,1.0,Fully Paid,No Scholarship,Active Loan (No Stress Flagged),2.5-8 LPA,Yes,0.1621,financial,0,No Risk,none
S00226,7.59,1,2,SCOPE-CSE,79.5,Government Quota,OBC,West Bengal,ICSE,DayScholar,75.4,69.6,65.0,65.0,75.0,5,stable,none,50,17,33,92.0,0,-0.49,2.69,2.76,1.94,0.661,0.672,0.605,11.16,-2.7,4.28,,Fully Paid,No Scholarship,No Loan,2.5-8 LPA,Yes,0.177,behavioural,0,No Risk,none
S00227,8.35,0,0,SMEC-MECH,74.7,Government Quota,General,West Bengal,International,Hosteller,68.3,67.0,65.0,65.0,75.0,7,declining,early,50,35,15,78.0,0,0.09,3.08,1.87,3.39,0.673,0.637,0.494,10.76,-1.58,4.7,2.0,Fully Paid,Merit-Based,Active Loan (Repayment Stress Flagged),2.5-8 LPA,Yes,0.1887,behavioural,1,Backlog / Academic-Probation Risk,psychosocial
S00228,5.79,1,21,SMEC-MECH,67.1,Government Quota,EWS,West Bengal,State Board,Hosteller,82.0,73.9,65.0,65.0,75.0,0,stable,none,50,19,31,94.0,0,-0.15,3.2,,1.56,0.522,0.484,0.635,9.37,1.7,4.32,1.0,On Installment (On-Time),Category-Based,Active Loan (No Stress Flagged),<2.5 LPA,No,0.0,pedagogy,0,No Risk,none
S00229,8.62,0,0,SENSE-ECE,95.6,Government Quota,EWS,West Bengal,State Board,Hosteller,73.4,72.8,65.0,65.0,75.0,0,stable,none,50,17,33,90.0,0,-0.63,4.4,2.34,2.86,1.0,1.0,0.351,12.78,2.04,3.42,2.0,On Installment (On-Time),No Scholarship,No Loan,<2.5 LPA,Yes,0.0162,visual_engagement,0,No Risk,none
S00230,6.6,0,0,SBST-BIOTECH,63.8,Government Quota,OBC,Karnataka,State Board,Hosteller,86.0,78.7,65.0,65.0,75.0,4,stable,none,50,6,44,98.0,0,-0.91,4.24,4.34,2.79,0.836,0.849,0.639,8.47,-0.32,0.0,0.0,Fully Paid,No Scholarship,No Loan,>8 LPA,Yes,0.0,behavioural,0,No Risk,none
S00231,9.61,0,0,SMEC-MECH,90.5,Government Quota,OBC,Other,ICSE,Hosteller,63.2,57.2,65.0,65.0,75.0,5,stable,none,50,42,8,70.0,0,-0.26,5.0,,4.89,1.0,0.992,0.297,9.61,-1.05,1.06,2.0,Fee Due >30 Days,No Scholarship,No Loan,2.5-8 LPA,Yes,0.2069,financial,1,Backlog / Academic-Probation Risk,financial
S00232,5.1,1,10,SCOPE-CSE,38.0,Government Quota,General,Uttar Pradesh,CBSE,Hosteller,53.6,48.7,65.0,65.0,75.0,6,stable,none,50,17,33,84.0,0,0.18,2.96,3.45,2.45,0.423,0.469,0.406,9.39,0.45,0.11,1.0,Fully Paid,Merit-Based,Active Loan (No Stress Flagged),2.5-8 LPA,No,0.3237,financial,3,Withdrawal / Discontinuation Risk,financial
S00233,6.48,0,0,SMEC-MECH,58.8,Government Quota,SC,Delhi-NCR,ICSE,DayScholar,100.0,90.2,65.0,65.0,75.0,1,stable,none,50,43,7,100.0,0,-0.36,1.95,2.85,4.57,0.468,0.358,0.592,14.33,-0.97,4.12,,On Installment (Overdue),No Scholarship,No Loan,>8 LPA,No,0.1618,financial,0,No Risk,none
S00234,7.9,0,0,SCOPE-CSE,76.7,Government Quota,SC,West Bengal,ICSE,Hosteller,87.8,74.5,65.0,65.0,75.0,2,stable,none,50,5,45,98.0,0,0.8,3.65,2.13,3.39,0.891,0.905,0.716,8.7,1.97,7.24,1.0,Fully Paid,Institutional Need-Based,No Loan,2.5-8 LPA,Yes,0.0072,behavioural,0,No Risk,none
S00235,5.2,1,2,SMEC-MECH,39.2,Government Quota,ST,Kerala,CBSE,DayScholar,92.9,89.7,65.0,65.0,75.0,15,stable,none,50,22,28,96.0,0,0.01,3.27,2.09,2.36,0.366,0.344,0.482,9.35,-0.27,1.43,,On Installment (On-Time),No Scholarship,No Loan,<2.5 LPA,No,0.0981,diagnostic,0,No Risk,none
S00236,7.81,0,0,SBST-BIOTECH,85.7,Government Quota,EWS,Karnataka,CBSE,Hosteller,98.3,92.4,65.0,65.0,75.0,7,stable,none,50,31,19,98.0,0,-1.0,4.12,2.77,3.01,0.692,0.913,0.594,6.03,0.7,2.57,1.0,On Installment (Overdue),Sports-Cultural Quota,Active Loan (No Stress Flagged),>8 LPA,Yes,0.0814,financial,0,No Risk,none
S00237,4.46,1,4,SBST-BIOTECH,58.1,Management Quota,OBC,Bihar,State Board,Hosteller,85.0,81.7,65.0,65.0,75.0,0,recovering,none,50,30,20,92.0,0,-1.0,3.15,3.32,2.62,0.152,0.333,0.486,4.59,0.8,1.54,1.0,On Installment (On-Time),Merit-Based,Active Loan (No Stress Flagged),<2.5 LPA,No,0.2342,diagnostic,1,Backlog / Academic-Probation Risk,pedagogical
S00238,7.57,0,0,SCOPE-CSE,78.0,Government Quota,General,Karnataka,State Board,Hosteller,99.7,97.1,65.0,65.0,75.0,0,stable,none,50,9,41,100.0,0,-0.11,3.83,3.08,1.21,0.525,0.772,0.566,14.28,-1.03,2.64,1.0,Fully Paid,No Scholarship,Active Loan (No Stress Flagged),>8 LPA,Yes,0.1097,pedagogy,0,No Risk,none
S00239,8.5,0,0,SCOPE-CSE,99.9,Government Quota,EWS,Delhi-NCR,CBSE,Hosteller,84.3,81.1,65.0,65.0,75.0,3,stable,none,50,27,23,92.0,0,-0.29,3.64,,5.0,0.639,0.613,0.482,16.12,-1.42,3.85,2.0,Fully Paid,No Scholarship,No Loan,>8 LPA,Yes,0.0,behavioural,0,No Risk,none
S00240,5.98,2,23,SCE-CIVIL,72.2,Management Quota,OBC,Maharashtra,CBSE,Hosteller,66.7,53.4,65.0,65.0,75.0,5,stable,none,50,40,10,74.0,0,-0.74,4.11,4.31,3.61,0.618,0.727,0.404,10.62,0.1,4.69,4.0,Fully Paid,Institutional Need-Based,No Loan,<2.5 LPA,No,0.0,academic,0,No Risk,none
S00241,7.5,0,0,SMEC-MECH,60.3,Government Quota,General,Kerala,State Board,Hosteller,81.4,59.6,65.0,65.0,75.0,5,stable,none,50,14,36,94.0,0,-0.33,2.55,3.9,3.73,0.655,0.675,0.384,11.9,1.28,6.26,0.0,Fee Due >30 Days,No Scholarship,Active Loan (Repayment Stress Flagged),<2.5 LPA,Yes,0.2289,financial,1,Backlog / Academic-Probation Risk,financial
S00242,8.41,0,0,SMEC-MECH,99.9,Government Quota,General,Maharashtra,CBSE,Hosteller,87.4,80.9,65.0,65.0,75.0,6,stable,none,50,16,34,96.0,0,0.83,4.18,3.41,2.1,0.745,0.783,0.51,9.95,1.68,5.49,1.0,Fully Paid,No Scholarship,Active Loan (No Stress Flagged),2.5-8 LPA,Yes,0.0427,financial,0,No Risk,none
S00243,7.99,0,0,SCOPE-CSE,73.3,Government Quota,OBC,Andhra Pradesh,ICSE,DayScholar,63.8,59.8,65.0,65.0,75.0,4,stable,none,50,8,42,94.0,0,-0.64,4.86,4.68,4.72,0.928,0.952,0.24,9.37,-1.4,1.08,,On Installment (On-Time),No Scholarship,No Loan,2.5-8 LPA,No,0.1344,visual_engagement,0,No Risk,none
S00244,8.83,0,0,SMEC-MECH,90.9,Government Quota,OBC,Bihar,State Board,Hosteller,87.6,73.8,65.0,65.0,75.0,4,stable,none,50,13,37,96.0,0,0.28,2.48,1.38,3.44,0.854,0.77,0.766,6.53,0.61,7.37,0.0,Fully Paid,Category-Based,No Loan,2.5-8 LPA,Yes,0.0,pedagogy,0,No Risk,none
S00245,7.8,0,0,SCOPE-CSE,73.5,Government Quota,General,Bihar,CBSE,Hosteller,60.6,60.2,65.0,65.0,75.0,4,stable,none,50,46,4,64.0,1,1.0,2.43,3.52,4.0,1.0,1.0,0.239,13.32,-0.73,3.33,4.0,On Installment (On-Time),Category-Based,No Loan,2.5-8 LPA,No,0.1197,attendance,2,Attendance-Debarment Risk,academic
S00246,8.64,0,0,SCE-CIVIL,94.0,Government Quota,ST,Karnataka,ICSE,DayScholar,66.8,66.0,65.0,65.0,75.0,4,stable,none,50,33,17,78.0,0,-0.72,5.0,2.84,3.98,0.661,0.694,0.381,11.36,-0.2,3.5,,Fully Paid,Category-Based,Active Loan (No Stress Flagged),>8 LPA,Yes,0.118,financial,0,No Risk,none
S00247,5.64,2,5,SCE-CIVIL,57.3,Government Quota,SC,Uttar Pradesh,ICSE,Hosteller,78.2,67.8,65.0,65.0,75.0,4,declining,early,50,43,7,82.0,0,0.12,4.07,,3.59,0.605,0.503,0.513,8.86,0.03,3.07,1.0,Fully Paid,No Scholarship,No Loan,<2.5 LPA,Yes,0.0672,academic,0,No Risk,none
S00248,8.27,0,0,SBST-BIOTECH,92.0,Government Quota,General,Delhi-NCR,CBSE,DayScholar,75.5,59.6,65.0,65.0,75.0,4,stable,none,50,35,15,82.0,0,0.61,2.85,3.09,4.97,0.765,0.775,0.528,7.38,-0.17,2.47,,Fully Paid,Category-Based,Active Loan (No Stress Flagged),<2.5 LPA,No,0.0,financial,0,No Risk,none
S00249,6.84,0,0,SBST-BIOTECH,82.8,Government Quota,OBC,Karnataka,CBSE,Hosteller,70.3,63.6,65.0,65.0,75.0,8,declining,late,50,31,19,82.0,0,1.0,4.03,3.14,1.54,0.785,0.78,0.468,9.34,0.14,1.45,2.0,Fully Paid,No Scholarship,No Loan,<2.5 LPA,Yes,0.0,pedagogy,0,No Risk,none
S00250,9.76,0,0,SBST-BIOTECH,97.5,Government Quota,SC,West Bengal,CBSE,Hosteller,83.4,67.2,65.0,65.0,75.0,5,stable,none,50,11,39,96.0,0,0.67,2.23,1.0,1.22,1.0,1.0,0.546,7.53,-0.4,4.75,2.0,Fully Paid,Institutional Need-Based,Active Loan (Repayment Stress Flagged),2.5-8 LPA,Yes,0.141,pedagogy,0,No Risk,none
S00251,8.61,0,0,SCOPE-CSE,95.8,Government Quota,General,Andhra Pradesh,ICSE,Hosteller,78.8,74.4,65.0,65.0,75.0,0,stable,none,50,27,23,88.0,0,0.15,5.0,4.76,3.04,0.75,0.827,0.349,11.45,-0.49,1.66,0.0,Fully Paid,Institutional Need-Based,No Loan,2.5-8 LPA,Yes,0.0769,visual_engagement,0,No Risk,none
S00252,8.26,0,0,SBST-BIOTECH,77.7,Government Quota,OBC,Tamil Nadu,CBSE,Hosteller,70.7,57.7,65.0,65.0,75.0,12,stable,none,50,13,37,92.0,0,-0.14,4.52,3.62,3.03,0.861,1.0,0.401,11.59,-0.05,3.25,0.0,Fully Paid,No Scholarship,No Loan,<2.5 LPA,Yes,0.1004,attendance,0,No Risk,none
S00253,7.29,0,0,SBST-BIOTECH,86.2,Management Quota,General,Andhra Pradesh,CBSE,Hosteller,88.5,74.8,65.0,65.0,75.0,3,stable,none,50,20,30,96.0,0,1.0,4.57,2.17,3.9,0.687,0.798,0.674,8.3,-1.22,3.77,1.0,Fully Paid,Merit-Based,No Loan,>8 LPA,Yes,0.0317,behavioural,0,No Risk,none
S00254,8.33,0,0,SBST-BIOTECH,83.4,Management Quota,General,West Bengal,CBSE,DayScholar,100.0,97.2,65.0,65.0,75.0,0,stable,none,50,16,34,100.0,0,0.16,4.64,4.7,3.28,0.78,0.795,0.482,10.83,1.95,3.92,,Fully Paid,No Scholarship,No Loan,<2.5 LPA,No,0.0519,visual_engagement,0,No Risk,none
S00255,7.7,0,0,SCOPE-CSE,75.5,Management Quota,General,Andhra Pradesh,CBSE,DayScholar,79.6,78.6,65.0,65.0,75.0,0,declining,early,50,7,43,98.0,0,0.74,1.6,3.3,3.5,0.831,0.707,0.385,9.98,-0.54,6.1,,Fully Paid,No Scholarship,Active Loan (No Stress Flagged),<2.5 LPA,No,0.1648,pedagogy,0,No Risk,none
S00256,7.92,0,0,SMEC-MECH,79.3,Management Quota,General,West Bengal,CBSE,Hosteller,90.3,63.7,65.0,65.0,75.0,13,stable,none,50,36,14,92.0,0,-0.62,3.02,,3.5,1.0,1.0,0.632,9.08,0.84,5.72,0.0,Fully Paid,No Scholarship,No Loan,2.5-8 LPA,No,0.0,attendance,0,No Risk,none
S00257,6.72,4,21,SCE-CIVIL,78.2,Management Quota,ST,Tamil Nadu,CBSE,Hosteller,50.4,49.5,65.0,65.0,75.0,11,declining,early,50,31,19,70.0,0,0.24,2.51,,3.29,0.857,0.892,0.118,10.12,-1.94,1.49,2.0,Fully Paid,No Scholarship,No Loan,2.5-8 LPA,No,0.2452,visual_engagement,2,Attendance-Debarment Risk,pedagogical
S00258,7.8,1,13,SCOPE-CSE,87.4,Management Quota,General,Other,ICSE,DayScholar,72.0,53.7,65.0,65.0,75.0,4,stable,none,50,32,18,82.0,0,-1.0,3.56,,4.44,0.976,0.985,0.518,6.2,0.67,1.86,,Fully Paid,Merit-Based,Active Loan (No Stress Flagged),2.5-8 LPA,Yes,0.1445,financial,0,No Risk,none
S00259,7.09,0,0,SBST-BIOTECH,65.2,Management Quota,OBC,Delhi-NCR,ICSE,Hosteller,73.0,60.5,65.0,65.0,75.0,5,declining,early,50,30,20,84.0,0,-0.37,3.23,,4.87,0.714,0.602,0.286,10.42,-1.23,0.0,0.0,On Installment (Overdue),No Scholarship,Active Loan (No Stress Flagged),2.5-8 LPA,No,0.0711,financial,0,No Risk,none
S00260,7.7,0,0,SCOPE-CSE,71.4,Management Quota,OBC,Uttar Pradesh,CBSE,DayScholar,93.5,81.4,65.0,65.0,75.0,0,stable,none,50,12,38,98.0,0,-0.26,2.15,3.47,4.1,0.979,0.934,0.909,10.7,-1.41,1.88,,Fully Paid,No Scholarship,No Loan,>8 LPA,No,0.0916,behavioural,0,No Risk,none
S00261,9.01,0,0,SCOPE-CSE,84.6,Management Quota,General,West Bengal,CBSE,Hosteller,94.4,89.2,65.0,65.0,75.0,2,stable,none,50,28,22,96.0,0,-0.38,2.97,2.67,4.58,0.915,0.839,0.793,8.24,1.32,5.81,1.0,Fully Paid,Merit-Based,Active Loan (Repayment Stress Flagged),>8 LPA,No,0.0275,financial,0,No Risk,none
S00262,6.84,1,2,SENSE-ECE,79.8,Government Quota,SC,Bihar,CBSE,Hosteller,95.9,82.1,65.0,65.0,75.0,0,stable,none,50,26,24,98.0,0,-1.0,2.2,1.0,4.81,0.739,0.696,0.396,4.03,-0.1,6.94,1.0,Fully Paid,No Scholarship,Active Loan (Repayment Stress Flagged),2.5-8 LPA,No,0.1142,financial,0,No Risk,none
S00263,7.93,0,0,SCE-CIVIL,91.4,Government Quota,General,Kerala,CBSE,Hosteller,74.7,60.3,65.0,65.0,75.0,5,stable,none,50,30,20,84.0,0,-1.0,4.12,,3.7,0.814,0.863,0.499,10.47,-2.81,2.35,2.0,On Installment (On-Time),Institutional Need-Based,No Loan,2.5-8 LPA,Yes,0.077,behavioural,0,No Risk,none
S00264,9.71,0,0,SBST-BIOTECH,95.7,Management Quota,General,Uttar Pradesh,CBSE,DayScholar,75.8,52.2,65.0,65.0,75.0,12,stable,none,50,22,28,90.0,0,0.28,3.99,5.0,3.82,1.0,1.0,0.404,9.73,-1.35,2.66,,On Installment (On-Time),No Scholarship,No Loan,>8 LPA,No,0.0,behavioural,0,No Risk,none
S00265,8.24,0,0,SMEC-MECH,78.1,Government Quota,General,Karnataka,CBSE,Hosteller,66.1,64.7,65.0,65.0,75.0,4,stable,none,50,47,3,68.0,0,0.42,1.51,2.67,4.2,1.0,1.0,0.343,2.72,0.29,5.94,5.0,Fully Paid,No Scholarship,No Loan,<2.5 LPA,Yes,0.0716,pedagogy,0,No Risk,none
S00266,8.11,0,0,SCOPE-CSE,57.8,Management Quota,OBC,West Bengal,State Board,Hosteller,97.6,96.7,65.0,65.0,75.0,0,declining,early,50,9,41,100.0,0,0.21,2.15,2.42,2.9,0.8,0.656,0.864,11.48,1.69,2.68,2.0,On Installment (On-Time),No Scholarship,Active Loan (No Stress Flagged),2.5-8 LPA,Yes,0.1379,financial,0,No Risk,none
S00267,8.58,1,3,SCE-CIVIL,94.5,Government Quota,ST,Maharashtra,State Board,Hosteller,54.1,39.6,65.0,65.0,75.0,14,recovering,none,50,42,8,62.0,1,-1.0,4.01,,3.24,0.944,1.0,0.215,6.22,0.46,4.23,1.0,Fully Paid,Merit-Based,No Loan,<2.5 LPA,No,0.2377,attendance,2,Attendance-Debarment Risk,academic
S00268,5.43,0,0,SBST-BIOTECH,53.7,Government Quota,OBC,West Bengal,CBSE,Hosteller,65.9,44.4,65.0,65.0,75.0,6,recovering,none,50,25,25,82.0,0,-0.7,5.0,2.9,2.98,0.716,0.946,0.474,5.95,0.76,4.02,2.0,Fee Due >30 Days,No Scholarship,No Loan,<2.5 LPA,No,0.0331,financial,0,No Risk,none
S00269,9.8,0,0,SENSE-ECE,99.9,Government Quota,General,Tamil Nadu,CBSE,DayScholar,79.2,61.0,65.0,65.0,75.0,13,stable,none,50,37,13,84.0,0,0.17,1.49,3.81,3.59,0.657,0.602,0.536,13.85,-0.76,0.0,,Fully Paid,No Scholarship,No Loan,<2.5 LPA,No,0.0693,pedagogy,0,No Risk,none
S00270,6.99,2,2,SMEC-MECH,88.4,Government Quota,SC,Kerala,International,DayScholar,81.8,79.8,65.0,65.0,75.0,2,stable,none,50,19,31,94.0,0,-0.82,3.13,,4.88,0.669,0.635,0.527,7.12,-0.67,3.82,,Fully Paid,Institutional Need-Based,No Loan,2.5-8 LPA,No,0.0,academic,0,No Risk,none
S00271,8.41,0,0,SCE-CIVIL,80.9,Government Quota,OBC,Karnataka,CBSE,Hosteller,100.0,82.9,65.0,65.0,75.0,0,stable,none,50,35,15,100.0,0,0.45,4.73,2.74,3.5,0.813,0.985,1.0,11.26,-0.84,0.41,0.0,On Installment (On-Time),Category-Based,Active Loan (Repayment Stress Flagged),>8 LPA,Yes,0.0681,financial,0,No Risk,none
S00272,8.79,0,0,SCOPE-CSE,84.6,Management Quota,General,Tamil Nadu,State Board,DayScholar,98.2,86.1,65.0,65.0,75.0,5,stable,none,50,26,24,100.0,0,0.39,4.56,2.83,2.33,0.801,0.829,0.6,7.79,-0.37,2.43,,Fully Paid,No Scholarship,No Loan,2.5-8 LPA,Yes,0.0,pedagogy,0,No Risk,none
S00273,6.56,3,9,SCE-CIVIL,56.9,Government Quota,General,Karnataka,CBSE,Hosteller,64.9,61.9,65.0,65.0,75.0,6,stable,none,50,9,41,94.0,0,-1.0,3.68,3.9,4.23,0.728,0.731,0.461,5.88,-1.02,0.0,5.0,Fully Paid,Merit-Based,No Loan,>8 LPA,Yes,0.1008,behavioural,0,No Risk,none
S00274,6.4,2,37,SMEC-MECH,62.8,Government Quota,SC,Delhi-NCR,CBSE,Hosteller,54.5,52.1,65.0,65.0,75.0,7,declining,late,50,24,26,78.0,0,0.06,3.75,3.1,2.32,0.703,0.788,0.269,9.33,1.58,1.75,4.0,On Installment (Overdue),No Scholarship,Active Loan (No Stress Flagged),2.5-8 LPA,No,0.218,financial,1,Backlog / Academic-Probation Risk,financial
S00275,7.54,1,1,SENSE-ECE,72.9,Management Quota,ST,Karnataka,State Board,DayScholar,72.6,57.7,65.0,65.0,75.0,12,stable,none,50,33,17,82.0,0,0.45,2.88,4.26,2.86,0.459,0.323,0.427,3.91,-0.4,0.22,,Fee Due >30 Days,No Scholarship,Active Loan (Repayment Stress Flagged),2.5-8 LPA,No,0.1656,financial,0,No Risk,none
S00276,8.66,0,0,SMEC-MECH,70.4,Government Quota,OBC,Maharashtra,CBSE,DayScholar,79.4,74.5,65.0,65.0,75.0,0,stable,none,50,26,24,90.0,0,1.0,2.08,3.46,2.9,0.805,0.756,0.52,7.24,-0.33,1.46,,On Installment (On-Time),Category-Based,No Loan,2.5-8 LPA,No,0.1451,pedagogy,0,No Risk,none
S00277,5.89,3,2,SENSE-ECE,41.8,Government Quota,General,West Bengal,International,DayScholar,68.2,65.1,65.0,65.0,75.0,4,recovering,none,50,15,35,90.0,0,0.98,2.93,4.04,2.47,0.399,0.39,0.478,3.66,-0.42,4.15,,On Installment (On-Time),Category-Based,Active Loan (Repayment Stress Flagged),2.5-8 LPA,No,0.1512,financial,0,No Risk,none
S00278,6.45,4,4,SMEC-MECH,58.0,Management Quota,OBC,Uttar Pradesh,State Board,Hosteller,55.8,48.8,65.0,65.0,75.0,4,stable,none,50,14,36,88.0,0,0.61,3.5,3.52,1.72,0.399,0.312,0.3,7.99,1.35,1.16,4.0,Fully Paid,Institutional Need-Based,No Loan,<2.5 LPA,No,0.1785,pedagogy,0,No Risk,none
S00279,5.96,2,20,SCOPE-CSE,63.0,Government Quota,EWS,Bihar,ICSE,Hosteller,59.0,56.4,65.0,65.0,75.0,10,recovering,none,50,24,26,80.0,0,0.29,1.64,2.7,2.58,0.619,0.504,0.394,3.19,-0.02,1.24,1.0,Fully Paid,No Scholarship,Active Loan (No Stress Flagged),2.5-8 LPA,Yes,0.1342,pedagogy,0,No Risk,none
S00280,7.28,1,1,SENSE-ECE,75.1,Government Quota,OBC,Uttar Pradesh,CBSE,Hosteller,63.0,63.0,65.0,65.0,75.0,6,declining,early,50,34,16,74.0,0,1.0,2.84,1.54,4.16,0.929,0.853,0.484,11.72,-0.29,2.48,2.0,Fully Paid,Institutional Need-Based,No Loan,<2.5 LPA,Yes,0.0871,attendance,0,No Risk,none
S00281,7.83,0,0,SENSE-ECE,79.1,Government Quota,General,Uttar Pradesh,ICSE,Hosteller,76.3,71.7,65.0,65.0,75.0,3,stable,none,50,32,18,84.0,0,1.0,2.54,3.28,2.55,0.916,0.839,0.541,6.01,-1.91,2.54,1.0,Fully Paid,No Scholarship,Active Loan (No Stress Flagged),>8 LPA,Yes,0.0615,behavioural,0,No Risk,none
S00282,7.16,2,1,SBST-BIOTECH,72.1,Government Quota,EWS,West Bengal,State Board,DayScholar,100.0,97.2,65.0,65.0,75.0,1,stable,none,50,24,26,100.0,0,-0.7,2.53,2.22,4.1,0.598,0.485,0.653,11.98,0.11,2.8,,Fee Due >30 Days,Category-Based,Active Loan (Repayment Stress Flagged),>8 LPA,No,0.1296,financial,0,No Risk,none
S00283,6.33,3,6,SENSE-ECE,66.5,Government Quota,General,West Bengal,CBSE,Hosteller,93.6,92.8,65.0,65.0,75.0,0,declining,early,50,42,8,94.0,0,1.0,3.31,2.47,1.75,0.731,0.643,0.656,11.9,-0.37,2.46,0.0,Fee Due >30 Days,No Scholarship,No Loan,<2.5 LPA,Yes,0.1596,financial,0,No Risk,none
S00284,7.55,0,0,SBST-BIOTECH,68.7,Management Quota,General,Tamil Nadu,CBSE,Hosteller,58.1,54.4,65.0,65.0,75.0,4,stable,none,50,5,45,96.0,0,1.0,4.57,1.08,2.64,0.571,0.833,0.279,12.8,-0.39,2.64,3.0,On Installment (Overdue),Merit-Based,Active Loan (No Stress Flagged),2.5-8 LPA,No,0.2527,financial,2,Attendance-Debarment Risk,financial
S00285,6.68,5,12,SBST-BIOTECH,69.0,Management Quota,General,Bihar,CBSE,Hosteller,45.8,45.0,65.0,65.0,75.0,6,recovering,none,50,7,43,92.0,0,1.0,3.9,2.61,3.4,0.573,0.562,0.276,10.58,-1.35,1.36,2.0,Fully Paid,No Scholarship,Active Loan (No Stress Flagged),<2.5 LPA,No,0.2105,academic,1,Backlog / Academic-Probation Risk,academic
S00286,5.24,2,1,SCOPE-CSE,35.7,Management Quota,General,Bihar,State Board,Hosteller,87.1,59.5,65.0,65.0,75.0,4,stable,none,50,7,43,98.0,0,0.54,4.14,2.9,4.74,0.367,0.316,0.661,4.49,0.47,3.2,0.0,Fully Paid,No Scholarship,Active Loan (Repayment Stress Flagged),<2.5 LPA,Yes,0.1234,financial,0,No Risk,none
S00287,7.07,3,2,SCOPE-CSE,68.9,Government Quota,EWS,Maharashtra,CBSE,Hosteller,85.5,83.7,65.0,65.0,75.0,2,stable,none,50,41,9,88.0,0,-0.14,2.17,4.16,4.97,0.899,1.0,0.629,9.19,-1.08,3.62,1.0,On Installment (Overdue),No Scholarship,Active Loan (Repayment Stress Flagged),2.5-8 LPA,Yes,0.2951,financial,2,Attendance-Debarment Risk,financial
S00288,9.58,0,0,SMEC-MECH,99.9,Government Quota,OBC,Kerala,CBSE,Hosteller,73.8,73.1,65.0,65.0,75.0,0,declining,early,50,38,12,80.0,0,-0.45,4.01,2.06,2.11,1.0,0.913,0.504,14.85,1.52,4.48,0.0,On Installment (On-Time),Sports-Cultural Quota,No Loan,>8 LPA,No,0.017,pedagogy,0,No Risk,none
S00289,7.4,0,0,SBST-BIOTECH,77.0,Management Quota,SC,Bihar,CBSE,DayScholar,93.2,91.8,65.0,65.0,75.0,5,stable,none,50,30,20,96.0,0,1.0,2.95,4.1,2.03,0.945,0.926,0.621,10.07,1.04,1.49,,Fully Paid,Merit-Based,Active Loan (Repayment Stress Flagged),<2.5 LPA,No,0.1525,financial,0,No Risk,none
S00290,9.99,1,1,SENSE-ECE,84.3,Government Quota,General,West Bengal,CBSE,Hosteller,85.1,79.7,65.0,65.0,75.0,0,stable,none,50,17,33,94.0,0,-0.17,2.8,,1.72,1.0,0.866,0.525,11.44,0.74,0.0,1.0,On Installment (On-Time),No Scholarship,No Loan,2.5-8 LPA,No,0.0,pedagogy,0,No Risk,none
S00291,8.34,0,0,SENSE-ECE,72.6,Government Quota,General,Maharashtra,International,Hosteller,78.4,76.1,65.0,65.0,75.0,3,stable,none,50,28,22,88.0,0,0.78,5.0,,2.2,0.866,0.778,0.592,5.09,-0.9,2.99,0.0,Fully Paid,No Scholarship,Active Loan (No Stress Flagged),>8 LPA,No,0.0501,financial,0,No Risk,none
S00292,10.0,0,0,SMEC-MECH,99.9,Government Quota,General,Andhra Pradesh,CBSE,Hosteller,65.4,62.5,65.0,65.0,75.0,5,stable,none,50,36,14,76.0,0,0.9,4.68,3.87,3.18,1.0,0.969,0.428,5.08,-1.93,2.76,0.0,Fully Paid,No Scholarship,Active Loan (No Stress Flagged),2.5-8 LPA,Yes,0.1923,behavioural,1,Backlog / Academic-Probation Risk,psychosocial
S00293,8.37,0,0,SCOPE-CSE,83.6,Government Quota,General,Other,ICSE,Hosteller,80.2,61.9,65.0,65.0,75.0,8,stable,none,50,36,14,86.0,0,0.31,1.62,,1.93,0.78,0.8,0.53,5.06,-0.77,0.0,1.0,On Installment (On-Time),No Scholarship,No Loan,<2.5 LPA,No,0.0547,pedagogy,0,No Risk,none
S00294,5.63,0,0,SBST-BIOTECH,55.2,Management Quota,EWS,Andhra Pradesh,ICSE,Hosteller,75.3,74.6,65.0,65.0,75.0,1,recovering,none,50,22,28,90.0,0,-0.34,2.1,2.88,3.47,0.647,0.579,0.423,4.84,0.44,1.61,2.0,Fee Due >30 Days,No Scholarship,Active Loan (Repayment Stress Flagged),>8 LPA,No,0.2206,financial,1,Backlog / Academic-Probation Risk,financial
S00295,5.87,1,4,SMEC-MECH,69.8,Management Quota,OBC,Uttar Pradesh,State Board,DayScholar,79.4,74.6,65.0,65.0,75.0,9,stable,none,50,45,5,82.0,0,-0.63,3.73,2.76,4.23,0.318,0.25,0.246,6.81,1.41,7.12,,On Installment (On-Time),No Scholarship,No Loan,2.5-8 LPA,Yes,0.2077,diagnostic,1,Backlog / Academic-Probation Risk,pedagogical
S00296,5.96,0,0,SENSE-ECE,59.3,Government Quota,General,Kerala,International,Hosteller,78.5,68.7,65.0,65.0,75.0,4,stable,none,50,41,9,82.0,0,0.2,4.58,3.19,1.95,0.587,0.789,0.337,9.27,-0.49,1.6,0.0,Fully Paid,No Scholarship,No Loan,>8 LPA,Yes,0.1805,pedagogy,0,No Risk,none
S00297,10.0,0,0,SCOPE-CSE,99.9,Government Quota,SC,West Bengal,State Board,Hosteller,80.0,42.5,65.0,65.0,75.0,4,recovering,none,50,44,6,82.0,0,0.37,3.74,3.25,4.19,0.97,0.861,0.568,7.57,-1.42,0.96,0.0,Fully Paid,Merit-Based,No Loan,<2.5 LPA,Yes,0.0963,behavioural,0,No Risk,none
S00298,9.03,0,0,SMEC-MECH,86.9,Management Quota,General,Karnataka,State Board,Hosteller,80.1,52.6,65.0,65.0,75.0,4,stable,none,50,32,18,88.0,0,-0.19,4.02,2.93,4.44,1.0,1.0,0.481,3.58,-0.25,1.48,0.0,On Installment (Overdue),No Scholarship,Active Loan (Repayment Stress Flagged),2.5-8 LPA,No,0.1661,financial,0,No Risk,none
S00299,9.09,0,0,SENSE-ECE,89.3,Management Quota,OBC,West Bengal,CBSE,DayScholar,73.7,72.6,65.0,65.0,75.0,0,stable,none,50,27,23,86.0,0,0.07,4.62,3.49,4.3,0.688,0.741,0.536,10.2,1.37,0.0,,Fully Paid,No Scholarship,No Loan,<2.5 LPA,No,0.0,attendance,0,No Risk,none
S00300,7.02,0,0,SMEC-MECH,64.4,Government Quota,EWS,Uttar Pradesh,CBSE,Hosteller,73.4,65.7,65.0,65.0,75.0,14,declining,early,50,18,32,90.0,0,0.41,3.82,3.91,5.0,0.589,0.468,0.308,7.89,-1.07,3.19,1.0,Fully Paid,No Scholarship,Active Loan (No Stress Flagged),2.5-8 LPA,No,0.1042,financial,0,No Risk,none
S00301,7.89,0,0,SENSE-ECE,82.8,Government Quota,General,Kerala,CBSE,DayScholar,65.0,63.8,65.0,65.0,75.0,6,stable,none,50,23,27,84.0,0,-0.64,1.29,1.78,2.5,0.892,0.731,0.232,10.46,2.26,4.5,,On Installment (Overdue),No Scholarship,Active Loan (No Stress Flagged),>8 LPA,No,0.3642,financial,3,Withdrawal / Discontinuation Risk,financial
S00302,7.96,1,21,SENSE-ECE,80.9,Government Quota,General,Bihar,State Board,Hosteller,56.9,53.2,65.0,65.0,75.0,4,recovering,none,50,21,29,82.0,0,-0.4,4.28,4.47,3.04,1.0,1.0,0.161,6.42,-0.31,0.0,0.0,On Installment (On-Time),Institutional Need-Based,No Loan,2.5-8 LPA,Yes,0.0506,visual_engagement,0,No Risk,none
S00303,6.79,2,15,SMEC-MECH,72.7,Government Quota,OBC,Kerala,CBSE,DayScholar,71.6,64.9,65.0,65.0,75.0,10,declining,late,50,14,36,92.0,0,-0.47,4.18,4.82,3.93,0.666,0.805,0.279,3.47,0.34,0.99,,Fully Paid,No Scholarship,Active Loan (No Stress Flagged),2.5-8 LPA,Yes,0.1213,visual_engagement,0,No Risk,none
S00304,7.12,1,2,SBST-BIOTECH,76.6,Management Quota,EWS,Kerala,CBSE,Hosteller,80.6,73.6,65.0,65.0,75.0,0,stable,none,50,43,7,84.0,0,0.72,2.6,3.24,1.66,0.836,0.72,0.449,8.86,-0.06,2.31,0.0,On Installment (On-Time),No Scholarship,No Loan,<2.5 LPA,Yes,0.028,pedagogy,0,No Risk,none
S00305,6.71,1,6,SMEC-MECH,81.3,Government Quota,SC,Maharashtra,CBSE,Hosteller,77.1,73.9,65.0,65.0,75.0,3,stable,none,50,18,32,92.0,0,0.36,2.73,,4.27,0.583,0.564,0.363,6.07,0.94,1.89,1.0,Fully Paid,No Scholarship,Active Loan (Repayment Stress Flagged),2.5-8 LPA,Yes,0.0131,financial,0,No Risk,none
S00306,7.64,0,0,SBST-BIOTECH,72.5,Management Quota,EWS,Andhra Pradesh,CBSE,Hosteller,100.0,96.5,65.0,65.0,75.0,5,stable,none,50,13,37,100.0,0,0.35,3.53,1.5,3.66,0.972,1.0,0.798,13.04,0.17,1.37,2.0,Fully Paid,Category-Based,Active Loan (No Stress Flagged),<2.5 LPA,Yes,0.0,financial,0,No Risk,none
S00307,7.46,0,0,SENSE-ECE,75.5,Government Quota,EWS,Other,ICSE,Hosteller,86.9,81.2,65.0,65.0,75.0,8,stable,none,50,7,43,98.0,0,-0.6,2.1,3.24,1.97,0.811,0.739,0.633,11.33,-0.71,4.27,2.0,Fully Paid,No Scholarship,Active Loan (Repayment Stress Flagged),>8 LPA,No,0.118,pedagogy,0,No Risk,none
S00308,8.17,0,0,SCE-CIVIL,90.7,Management Quota,General,Other,CBSE,Hosteller,85.9,82.4,65.0,65.0,75.0,1,stable,none,50,20,30,94.0,0,0.8,3.24,3.94,3.02,0.646,0.578,0.53,11.99,1.16,0.29,1.0,Fully Paid,No Scholarship,Active Loan (Repayment Stress Flagged),<2.5 LPA,No,0.0254,financial,0,No Risk,none
S00309,8.17,0,0,SCOPE-CSE,71.1,Government Quota,OBC,Bihar,ICSE,Hosteller,79.6,66.7,65.0,65.0,75.0,4,stable,none,50,19,31,92.0,0,-0.95,4.8,2.47,3.23,0.941,1.0,0.465,12.51,0.04,1.85,1.0,Fully Paid,No Scholarship,Active Loan (No Stress Flagged),2.5-8 LPA,No,0.0665,financial,0,No Risk,none
S00310,6.09,4,3,SENSE-ECE,64.5,Government Quota,EWS,Maharashtra,CBSE,DayScholar,84.3,82.5,65.0,65.0,75.0,2,recovering,none,50,45,5,86.0,0,0.12,2.28,3.35,3.28,0.848,0.81,0.591,5.75,-1.07,1.78,,On Installment (On-Time),No Scholarship,Active Loan (No Stress Flagged),2.5-8 LPA,No,0.0438,academic,0,No Risk,none
S00311,8.56,0,0,SCE-CIVIL,66.6,Government Quota,EWS,Kerala,CBSE,Hosteller,89.5,81.3,65.0,65.0,75.0,6,stable,none,50,18,32,96.0,0,0.43,2.99,3.72,3.47,0.975,0.818,0.467,9.19,-1.54,2.19,1.0,Fully Paid,No Scholarship,Active Loan (No Stress Flagged),2.5-8 LPA,No,0.1808,behavioural,0,No Risk,none
S00312,6.06,3,1,SBST-BIOTECH,73.0,Government Quota,General,Tamil Nadu,State Board,DayScholar,64.8,44.7,65.0,65.0,75.0,6,stable,none,50,26,24,82.0,0,0.0,4.52,1.3,2.73,0.485,0.498,0.233,7.12,0.92,6.43,,On Installment (On-Time),No Scholarship,No Loan,<2.5 LPA,Yes,0.1051,visual_engagement,0,No Risk,none
S00313,7.42,1,33,SCOPE-CSE,64.1,Government Quota,General,West Bengal,CBSE,Hosteller,81.0,58.1,65.0,65.0,75.0,4,stable,none,50,34,16,88.0,0,0.83,3.97,3.64,4.1,0.786,0.824,0.479,10.38,0.42,5.31,0.0,Fee Due >30 Days,No Scholarship,Active Loan (Repayment Stress Flagged),2.5-8 LPA,No,0.1884,financial,1,Backlog / Academic-Probation Risk,financial
S00314,7.68,0,0,SENSE-ECE,79.6,Management Quota,General,West Bengal,CBSE,Hosteller,75.1,59.4,65.0,65.0,75.0,7,recovering,none,50,39,11,80.0,0,0.47,3.0,3.11,5.0,0.493,0.543,0.42,8.08,-0.38,4.33,0.0,On Installment (On-Time),Merit-Based,No Loan,>8 LPA,No,0.0679,visual_engagement,0,No Risk,none
S00315,5.51,3,2,SMEC-MECH,62.8,Management Quota,General,Bihar,State Board,Hosteller,82.0,73.7,65.0,65.0,75.0,1,recovering,none,50,25,25,92.0,0,0.9,3.09,1.0,3.53,0.765,0.681,0.501,7.29,-0.38,3.49,3.0,Fully Paid,Merit-Based,Active Loan (Repayment Stress Flagged),>8 LPA,Yes,0.1399,financial,0,No Risk,none
S00316,8.38,0,0,SENSE-ECE,79.1,Government Quota,EWS,Karnataka,CBSE,Hosteller,73.2,66.8,65.0,65.0,75.0,4,declining,late,50,36,14,80.0,0,-0.14,5.0,,4.07,0.997,1.0,0.387,10.42,-1.58,2.09,1.0,On Installment (Overdue),Category-Based,Active Loan (Repayment Stress Flagged),<2.5 LPA,Yes,0.2934,financial,2,Attendance-Debarment Risk,financial
S00317,7.44,1,10,SCE-CIVIL,85.2,Government Quota,SC,Tamil Nadu,ICSE,DayScholar,68.5,57.5,65.0,65.0,75.0,6,stable,none,50,23,27,86.0,0,0.87,2.37,,3.04,0.729,0.784,0.501,13.7,0.33,2.78,,On Installment (Overdue),No Scholarship,No Loan,<2.5 LPA,Yes,0.0581,financial,0,No Risk,none
S00318,7.91,0,0,SENSE-ECE,61.1,Management Quota,General,Uttar Pradesh,CBSE,Hosteller,99.6,91.6,65.0,65.0,75.0,5,stable,none,50,41,9,100.0,0,0.16,4.55,,1.94,0.756,1.0,0.698,7.77,-1.11,6.54,2.0,On Installment (On-Time),Institutional Need-Based,No Loan,<2.5 LPA,Yes,0.019,behavioural,0,No Risk,none
S00319,6.22,1,25,SBST-BIOTECH,76.0,Government Quota,SC,Other,CBSE,Hosteller,84.0,78.4,65.0,65.0,75.0,2,stable,none,50,39,11,88.0,0,0.02,2.71,5.0,4.5,0.519,0.457,0.387,11.61,-0.35,0.0,0.0,Fully Paid,Category-Based,No Loan,<2.5 LPA,No,0.1678,visual_engagement,0,No Risk,none
S00320,8.08,0,0,SBST-BIOTECH,75.1,Management Quota,OBC,Delhi-NCR,ICSE,DayScholar,95.0,80.3,65.0,65.0,75.0,3,stable,none,50,21,29,98.0,0,0.8,4.03,4.13,5.0,0.713,0.668,0.528,12.98,1.03,1.93,,Fully Paid,Institutional Need-Based,No Loan,2.5-8 LPA,No,0.0666,attendance,0,No Risk,none
S00321,8.28,0,0,SMEC-MECH,80.1,Management Quota,General,Maharashtra,State Board,Hosteller,93.9,85.8,65.0,65.0,75.0,1,stable,none,50,17,33,98.0,0,0.15,3.38,2.06,1.3,0.36,0.366,0.917,15.39,-1.08,3.3,2.0,On Installment (On-Time),Category-Based,Active Loan (No Stress Flagged),<2.5 LPA,No,0.0891,pedagogy,0,No Risk,none
S00322,5.09,6,1,SCE-CIVIL,54.8,Management Quota,OBC,Uttar Pradesh,CBSE,Hosteller,72.3,63.1,65.0,65.0,75.0,12,recovering,none,50,38,12,78.0,0,0.74,4.17,4.01,4.09,0.733,0.788,0.443,9.8,-0.19,0.33,2.0,On Installment (On-Time),Merit-Based,No Loan,2.5-8 LPA,Yes,0.2262,academic,1,Backlog / Academic-Probation Risk,academic
S00323,7.28,0,0,SMEC-MECH,70.1,Government Quota,General,Uttar Pradesh,CBSE,DayScholar,75.4,71.6,65.0,65.0,75.0,8,stable,none,50,16,34,92.0,0,-0.44,2.98,2.78,2.14,0.689,0.652,0.363,10.47,0.14,1.89,,Fully Paid,No Scholarship,Active Loan (Repayment Stress Flagged),<2.5 LPA,No,0.1837,financial,1,Backlog / Academic-Probation Risk,financial
S00324,7.33,0,0,SCOPE-CSE,69.0,Management Quota,OBC,Other,State Board,DayScholar,69.8,59.7,65.0,65.0,75.0,7,stable,none,50,28,22,84.0,0,-1.0,3.27,4.02,4.19,0.797,0.739,0.343,9.3,1.39,1.36,,On Installment (On-Time),Merit-Based,No Loan,2.5-8 LPA,No,0.1141,visual_engagement,0,No Risk,none
S00325,8.93,0,0,SCE-CIVIL,99.9,Government Quota,General,Karnataka,CBSE,Hosteller,66.3,66.0,65.0,65.0,75.0,9,recovering,none,50,28,22,82.0,0,0.95,5.0,,4.12,0.462,0.629,0.139,8.43,-1.41,2.57,6.0,Fully Paid,No Scholarship,Active Loan (No Stress Flagged),<2.5 LPA,Yes,0.1802,visual_engagement,0,No Risk,none
S00326,5.42,1,1,SCE-CIVIL,49.3,Government Quota,General,West Bengal,State Board,Hosteller,74.9,54.6,65.0,65.0,75.0,6,declining,late,50,13,37,94.0,0,-0.64,3.5,,2.58,0.706,0.738,0.429,3.48,-0.47,3.74,3.0,On Installment (On-Time),No Scholarship,Active Loan (Repayment Stress Flagged),2.5-8 LPA,Yes,0.1032,financial,0,No Risk,none
S00327,8.03,0,0,SENSE-ECE,60.2,Management Quota,OBC,Andhra Pradesh,State Board,Hosteller,84.8,83.9,65.0,65.0,75.0,5,stable,none,50,33,17,90.0,0,-1.0,3.18,3.84,5.0,0.512,0.748,0.52,11.04,-1.51,4.99,1.0,Fully Paid,Category-Based,Active Loan (No Stress Flagged),<2.5 LPA,Yes,0.0616,behavioural,0,No Risk,none
S00328,8.97,0,0,SMEC-MECH,98.9,Management Quota,General,Delhi-NCR,CBSE,Hosteller,99.5,97.0,65.0,65.0,75.0,2,stable,none,50,35,15,100.0,0,-0.53,5.0,1.0,4.43,1.0,1.0,0.82,13.6,-0.05,0.0,0.0,On Installment (Overdue),Category-Based,Active Loan (No Stress Flagged),>8 LPA,No,0.265,financial,2,Attendance-Debarment Risk,financial
S00329,8.99,0,0,SMEC-MECH,99.9,Management Quota,General,Maharashtra,State Board,Hosteller,86.5,84.7,65.0,65.0,75.0,1,stable,none,50,16,34,96.0,0,0.54,3.58,3.6,4.07,0.932,0.873,0.509,8.63,-0.94,3.63,0.0,Fully Paid,Institutional Need-Based,No Loan,<2.5 LPA,Yes,0.0087,behavioural,0,No Risk,none
S00330,9.46,0,0,SMEC-MECH,92.0,Government Quota,ST,Delhi-NCR,State Board,DayScholar,97.1,89.3,65.0,65.0,75.0,2,stable,none,50,20,30,98.0,0,0.47,4.28,2.48,4.83,0.948,0.888,0.656,10.01,-1.16,3.62,,Fully Paid,Category-Based,No Loan,>8 LPA,Yes,0.0916,behavioural,0,No Risk,none
S00331,6.62,1,3,SBST-BIOTECH,79.1,Government Quota,General,Karnataka,CBSE,Hosteller,83.2,81.1,65.0,65.0,75.0,5,recovering,none,50,11,39,96.0,0,-0.69,3.91,2.24,5.0,0.822,0.902,0.485,8.57,1.44,3.61,0.0,Fully Paid,No Scholarship,Active Loan (No Stress Flagged),<2.5 LPA,Yes,0.0572,financial,0,No Risk,none
S00332,6.62,1,10,SENSE-ECE,56.6,Government Quota,General,Other,State Board,Hosteller,59.1,57.1,65.0,65.0,75.0,5,recovering,none,50,14,36,88.0,0,1.0,5.0,3.14,2.78,0.664,0.823,0.39,11.37,-0.22,4.57,2.0,On Installment (Overdue),Institutional Need-Based,Active Loan (Repayment Stress Flagged),<2.5 LPA,No,0.1965,financial,1,Backlog / Academic-Probation Risk,financial
S00333,7.0,1,2,SCE-CIVIL,78.6,Government Quota,OBC,Karnataka,State Board,Hosteller,68.9,59.3,65.0,65.0,75.0,7,stable,none,50,42,8,74.0,0,-0.28,5.0,2.99,5.0,0.761,0.824,0.37,10.79,1.6,1.94,3.0,Fee Due >30 Days,No Scholarship,Active Loan (No Stress Flagged),>8 LPA,No,0.2198,financial,1,Backlog / Academic-Probation Risk,financial
S00334,6.66,2,13,SBST-BIOTECH,77.0,Government Quota,OBC,Kerala,ICSE,Hosteller,59.8,34.8,65.0,65.0,75.0,4,declining,early,50,41,9,68.0,0,0.26,4.32,2.48,3.45,0.76,0.968,0.272,8.05,-0.97,3.66,0.0,Fully Paid,Category-Based,No Loan,>8 LPA,No,0.0,visual_engagement,0,No Risk,none
S00335,6.04,1,8,SCE-CIVIL,65.9,Government Quota,OBC,Uttar Pradesh,CBSE,Hosteller,72.8,66.4,65.0,65.0,75.0,10,stable,none,50,22,28,88.0,0,-1.0,4.26,4.37,3.7,0.699,0.981,0.392,6.36,-1.63,6.51,0.0,Fully Paid,Merit-Based,Active Loan (Repayment Stress Flagged),>8 LPA,Yes,0.2735,behavioural,2,Attendance-Debarment Risk,psychosocial
S00336,8.14,0,0,SMEC-MECH,79.7,Government Quota,OBC,Bihar,State Board,DayScholar,76.4,68.2,65.0,65.0,75.0,6,stable,none,50,25,25,88.0,0,-1.0,3.64,1.79,3.46,0.77,0.756,0.205,12.05,-1.33,3.13,,Fully Paid,No Scholarship,No Loan,2.5-8 LPA,No,0.1187,visual_engagement,0,No Risk,none
S00337,5.64,2,19,SENSE-ECE,48.3,Management Quota,OBC,Delhi-NCR,State Board,Hosteller,55.5,53.4,65.0,65.0,75.0,5,stable,none,50,12,38,90.0,0,0.54,4.4,,2.84,0.546,0.76,0.459,11.38,0.23,5.67,2.0,Fully Paid,Sports-Cultural Quota,Active Loan (No Stress Flagged),2.5-8 LPA,Yes,0.0347,financial,0,No Risk,none
S00338,7.74,1,15,SMEC-MECH,99.9,Government Quota,General,Uttar Pradesh,CBSE,DayScholar,87.6,72.4,65.0,65.0,75.0,2,recovering,none,50,19,31,96.0,0,0.37,3.13,2.09,4.35,0.842,0.899,0.5,10.03,-1.44,2.74,,On Installment (On-Time),Sports-Cultural Quota,No Loan,<2.5 LPA,Yes,0.0532,behavioural,0,No Risk,none
S00339,9.16,0,0,SMEC-MECH,99.9,Government Quota,General,Other,CBSE,DayScholar,60.7,41.2,65.0,65.0,75.0,4,declining,early,50,47,3,64.0,1,-0.78,4.7,3.61,2.52,0.911,0.859,0.319,11.11,0.22,1.19,,Fully Paid,No Scholarship,No Loan,<2.5 LPA,No,0.1972,attendance,2,Attendance-Debarment Risk,academic
S00340,6.98,1,1,SBST-BIOTECH,57.7,Government Quota,OBC,Other,CBSE,Hosteller,60.3,57.5,65.0,65.0,75.0,10,stable,none,50,38,12,70.0,0,-0.95,2.84,,2.09,0.861,0.817,0.039,7.63,0.81,1.48,3.0,Fully Paid,No Scholarship,No Loan,2.5-8 LPA,Yes,0.1448,visual_engagement,0,No Risk,none
S00341,6.52,2,10,SCOPE-CSE,77.1,Management Quota,OBC,West Bengal,ICSE,Hosteller,88.9,76.2,65.0,65.0,75.0,0,stable,none,50,38,12,92.0,0,-0.06,1.84,4.46,3.48,0.4,0.377,0.522,6.38,-1.24,5.0,1.0,Fully Paid,No Scholarship,No Loan,2.5-8 LPA,Yes,0.1087,pedagogy,0,No Risk,none
S00342,7.23,1,2,SENSE-ECE,82.3,Government Quota,SC,Bihar,State Board,Hosteller,93.0,89.4,65.0,65.0,75.0,3,declining,early,50,33,17,96.0,0,-1.0,2.52,1.92,4.28,0.829,0.733,0.39,7.79,1.98,1.27,1.0,On Installment (Overdue),No Scholarship,Active Loan (No Stress Flagged),2.5-8 LPA,No,0.1266,financial,0,No Risk,none
S00343,8.56,1,7,SMEC-MECH,92.4,Management Quota,ST,Kerala,CBSE,DayScholar,67.0,59.3,65.0,65.0,75.0,9,stable,none,50,43,7,72.0,0,-0.19,3.9,3.43,5.0,0.992,0.929,0.414,7.12,0.35,0.25,,Fully Paid,No Scholarship,No Loan,2.5-8 LPA,Yes,0.0654,attendance,0,No Risk,none
S00344,7.7,0,0,SBST-BIOTECH,67.4,Management Quota,General,Uttar Pradesh,CBSE,Hosteller,85.8,74.8,65.0,65.0,75.0,2,declining,early,50,5,45,98.0,0,1.0,4.29,,4.13,0.816,1.0,0.495,10.57,-0.2,3.12,0.0,On Installment (On-Time),Category-Based,Active Loan (No Stress Flagged),2.5-8 LPA,Yes,0.0208,financial,0,No Risk,none
S00345,9.34,0,0,SCE-CIVIL,91.3,Government Quota,SC,Kerala,CBSE,DayScholar,96.0,94.1,65.0,65.0,75.0,11,stable,none,50,27,23,98.0,0,-0.88,2.67,,5.0,1.0,1.0,0.806,11.67,0.23,4.08,,On Installment (On-Time),No Scholarship,No Loan,2.5-8 LPA,No,0.0562,attendance,0,No Risk,none
S00346,5.86,1,1,SCOPE-CSE,65.3,Government Quota,OBC,Kerala,CBSE,Hosteller,63.8,53.6,65.0,65.0,75.0,9,stable,none,50,6,44,96.0,0,0.17,4.26,3.8,2.41,0.969,1.0,0.363,11.2,-0.51,3.02,3.0,On Installment (Overdue),No Scholarship,Active Loan (No Stress Flagged),2.5-8 LPA,No,0.4979,financial,3,Withdrawal / Discontinuation Risk,financial
S00347,9.4,0,0,SCE-CIVIL,92.9,Government Quota,General,West Bengal,State Board,Hosteller,91.7,91.7,65.0,65.0,75.0,4,stable,none,50,39,11,94.0,0,-0.54,2.88,2.75,2.32,1.0,1.0,0.462,9.11,1.76,1.04,1.0,On Installment (Overdue),No Scholarship,Active Loan (Repayment Stress Flagged),<2.5 LPA,Yes,0.0905,financial,0,No Risk,none
S00348,7.5,1,14,SENSE-ECE,76.2,Government Quota,General,Maharashtra,CBSE,Hosteller,70.0,67.5,65.0,65.0,75.0,6,recovering,none,50,41,9,76.0,0,0.67,3.37,,4.12,0.772,0.833,0.632,7.03,-2.97,0.89,3.0,On Installment (On-Time),No Scholarship,Active Loan (No Stress Flagged),2.5-8 LPA,No,0.1667,behavioural,0,No Risk,none
S00349,7.7,0,0,SCOPE-CSE,75.6,Management Quota,General,Bihar,CBSE,Hosteller,75.3,74.3,65.0,65.0,75.0,3,stable,none,50,32,18,84.0,0,-0.24,4.57,3.04,4.21,1.0,1.0,0.436,9.85,-0.05,3.29,0.0,Fee Due >30 Days,No Scholarship,No Loan,<2.5 LPA,Yes,0.0745,financial,0,No Risk,none
S00350,7.22,0,0,SBST-BIOTECH,66.6,Government Quota,EWS,West Bengal,State Board,Hosteller,71.2,70.8,65.0,65.0,75.0,1,declining,late,50,27,23,84.0,0,-0.48,5.0,4.06,3.92,0.485,0.502,0.333,11.69,-0.47,2.83,1.0,Fully Paid,No Scholarship,No Loan,>8 LPA,No,0.0719,visual_engagement,0,No Risk,none
S00351,6.09,2,2,SBST-BIOTECH,56.8,Management Quota,SC,Tamil Nadu,International,Hosteller,73.2,72.1,65.0,65.0,75.0,1,declining,early,50,47,3,74.0,0,0.6,4.59,3.57,4.97,0.727,0.821,0.474,3.54,0.19,0.0,0.0,Fee Due >30 Days,No Scholarship,Active Loan (Repayment Stress Flagged),<2.5 LPA,Yes,0.2336,financial,1,Backlog / Academic-Probation Risk,financial
S00352,7.77,0,0,SBST-BIOTECH,73.7,Government Quota,SC,Delhi-NCR,ICSE,Hosteller,68.1,46.1,65.0,65.0,75.0,8,stable,none,50,28,22,82.0,0,-0.63,3.41,4.46,2.79,0.691,0.627,0.245,11.59,-0.24,3.11,3.0,Fully Paid,No Scholarship,Active Loan (Repayment Stress Flagged),<2.5 LPA,No,0.1003,visual_engagement,0,No Risk,none
S00353,5.61,0,0,SCOPE-CSE,66.2,Management Quota,General,Delhi-NCR,International,Hosteller,76.3,52.6,65.0,65.0,75.0,10,stable,none,50,34,16,84.0,0,-0.24,3.75,3.53,1.88,0.661,0.699,0.77,8.84,0.22,8.66,1.0,Fully Paid,No Scholarship,No Loan,2.5-8 LPA,No,0.0,pedagogy,0,No Risk,none
S00354,8.49,0,0,SCOPE-CSE,95.1,Government Quota,General,Kerala,CBSE,Hosteller,53.6,49.2,65.0,65.0,75.0,13,stable,none,50,21,29,80.0,0,-1.0,3.69,2.99,3.56,1.0,0.953,0.411,12.84,-0.53,0.78,3.0,Fully Paid,Category-Based,No Loan,2.5-8 LPA,No,0.0961,attendance,0,No Risk,none
S00355,7.77,1,7,SMEC-MECH,76.8,Government Quota,SC,Tamil Nadu,State Board,Hosteller,81.0,47.0,65.0,65.0,75.0,6,stable,none,50,35,15,86.0,0,1.0,4.37,1.61,1.98,0.729,0.802,0.486,4.57,1.05,7.31,2.0,On Installment (On-Time),Merit-Based,No Loan,2.5-8 LPA,No,0.1206,pedagogy,0,No Risk,none
S00356,6.53,1,1,SCOPE-CSE,62.3,Management Quota,OBC,Bihar,CBSE,Hosteller,76.8,76.3,65.0,65.0,75.0,0,stable,none,50,33,17,84.0,0,-0.21,1.91,1.03,3.05,0.689,0.644,0.419,9.24,-0.88,3.02,2.0,Fully Paid,Merit-Based,No Loan,<2.5 LPA,No,0.0444,pedagogy,0,No Risk,none
S00357,7.17,1,9,SMEC-MECH,60.4,Management Quota,OBC,Andhra Pradesh,CBSE,Hosteller,96.7,90.9,65.0,65.0,75.0,0,stable,none,50,6,44,100.0,0,0.05,3.49,3.3,2.75,0.806,0.748,0.731,10.74,-0.29,4.13,3.0,On Installment (On-Time),No Scholarship,Active Loan (No Stress Flagged),2.5-8 LPA,No,0.1087,financial,0,No Risk,none
S00358,8.59,0,0,SBST-BIOTECH,84.7,Government Quota,General,West Bengal,ICSE,DayScholar,80.7,69.1,65.0,65.0,75.0,13,stable,none,50,25,25,90.0,0,-1.0,4.42,1.91,3.5,0.799,0.844,0.543,6.12,-1.21,2.4,,Fully Paid,No Scholarship,Active Loan (Repayment Stress Flagged),2.5-8 LPA,No,0.0992,financial,0,No Risk,none
S00359,7.51,1,21,SCOPE-CSE,87.6,Government Quota,SC,Karnataka,ICSE,Hosteller,89.6,85.9,65.0,65.0,75.0,0,stable,none,50,33,17,94.0,0,-0.17,1.0,3.16,3.76,0.482,0.377,0.461,10.2,-0.12,4.49,2.0,Fully Paid,Institutional Need-Based,No Loan,2.5-8 LPA,Yes,0.1149,pedagogy,0,No Risk,none
S00360,8.48,0,0,SMEC-MECH,82.3,Government Quota,General,Maharashtra,CBSE,Hosteller,73.2,65.2,65.0,65.0,75.0,4,declining,late,50,16,34,92.0,0,-0.14,4.0,3.47,2.12,0.864,1.0,0.63,1.08,-0.04,4.86,1.0,Fully Paid,No Scholarship,Active Loan (Repayment Stress Flagged),2.5-8 LPA,No,0.1584,financial,0,No Risk,none
S00361,5.67,4,2,SMEC-MECH,51.8,Government Quota,OBC,Uttar Pradesh,ICSE,DayScholar,91.5,81.8,65.0,65.0,75.0,0,recovering,none,50,13,37,98.0,0,-0.37,3.27,2.87,2.13,0.326,0.36,0.624,6.34,-0.17,3.78,,Fully Paid,No Scholarship,No Loan,2.5-8 LPA,No,0.0999,diagnostic,0,No Risk,none
S00362,6.45,1,1,SBST-BIOTECH,55.3,Government Quota,General,Delhi-NCR,State Board,Hosteller,63.9,45.1,65.0,65.0,75.0,5,stable,none,50,45,5,68.0,0,-1.0,3.16,3.62,3.8,0.678,0.726,0.402,8.68,-0.02,6.49,1.0,Fully Paid,Merit-Based,No Loan,2.5-8 LPA,Yes,0.0095,attendance,0,No Risk,none
S00363,8.06,0,0,SENSE-ECE,76.6,Management Quota,General,Tamil Nadu,ICSE,Hosteller,63.2,52.6,65.0,65.0,75.0,11,declining,early,50,6,44,96.0,0,-0.32,2.94,,3.27,0.734,0.545,0.485,9.27,-0.83,0.74,5.0,Fully Paid,No Scholarship,No Loan,2.5-8 LPA,Yes,0.1231,behavioural,0,No Risk,none
S00364,6.0,0,0,SCE-CIVIL,50.1,Management Quota,General,Bihar,State Board,Hosteller,91.0,85.8,65.0,65.0,75.0,1,stable,none,50,6,44,98.0,0,1.0,4.12,2.18,3.89,0.408,0.595,0.661,7.53,0.7,7.48,1.0,Fully Paid,No Scholarship,No Loan,<2.5 LPA,No,0.0,diagnostic,0,No Risk,none
S00365,8.28,0,0,SENSE-ECE,70.8,Government Quota,General,Andhra Pradesh,CBSE,Hosteller,68.1,47.1,65.0,65.0,75.0,5,declining,late,50,27,23,82.0,0,-0.42,2.44,4.47,3.53,0.736,0.696,0.135,9.58,-0.5,1.13,2.0,Fully Paid,Institutional Need-Based,No Loan,2.5-8 LPA,Yes,0.1231,visual_engagement,0,No Risk,none
S00366,7.51,0,0,SCE-CIVIL,83.0,Government Quota,OBC,Uttar Pradesh,International,Hosteller,91.4,76.6,65.0,65.0,75.0,12,stable,none,50,28,22,96.0,0,0.66,3.85,3.22,2.85,0.803,1.0,0.569,11.6,-0.08,3.05,2.0,Fully Paid,No Scholarship,No Loan,<2.5 LPA,Yes,0.0,attendance,0,No Risk,none
S00367,7.94,0,0,SENSE-ECE,94.1,Government Quota,General,Andhra Pradesh,CBSE,Hosteller,84.0,81.9,65.0,65.0,75.0,2,stable,none,50,22,28,92.0,0,-0.58,1.14,5.0,2.74,0.913,0.94,0.539,10.36,-1.82,1.57,1.0,On Installment (On-Time),Category-Based,Active Loan (No Stress Flagged),2.5-8 LPA,No,0.2438,pedagogy,1,Backlog / Academic-Probation Risk,pedagogical
S00368,6.55,2,16,SBST-BIOTECH,56.6,Management Quota,General,Tamil Nadu,CBSE,Hosteller,73.8,61.4,65.0,65.0,75.0,11,stable,none,50,13,37,94.0,0,0.01,4.15,2.39,3.77,0.944,1.0,0.546,11.08,0.21,3.37,2.0,Fully Paid,No Scholarship,Active Loan (No Stress Flagged),<2.5 LPA,No,0.1558,financial,0,No Risk,none
S00369,4.68,1,14,SENSE-ECE,53.7,Government Quota,OBC,Uttar Pradesh,CBSE,Hosteller,81.7,73.9,65.0,65.0,75.0,4,stable,none,50,19,31,94.0,0,0.4,3.16,3.56,1.0,0.565,0.588,0.585,5.64,-0.42,0.82,0.0,Fully Paid,Institutional Need-Based,Active Loan (No Stress Flagged),<2.5 LPA,No,0.2,pedagogy,1,Backlog / Academic-Probation Risk,pedagogical
S00370,8.83,0,0,SMEC-MECH,85.8,Government Quota,EWS,Andhra Pradesh,CBSE,Hosteller,87.2,86.4,65.0,65.0,75.0,3,stable,none,50,29,21,92.0,0,-1.0,4.21,3.0,1.63,0.748,0.659,0.52,8.82,-0.01,5.48,2.0,Fully Paid,No Scholarship,Active Loan (No Stress Flagged),2.5-8 LPA,No,0.0879,pedagogy,0,No Risk,none
S00371,8.0,0,0,SCOPE-CSE,92.8,Government Quota,ST,Tamil Nadu,State Board,Hosteller,79.5,65.2,65.0,65.0,75.0,8,stable,none,50,27,23,88.0,0,-0.53,3.68,2.13,3.73,0.98,0.991,0.391,9.47,0.75,0.55,0.0,Fully Paid,Sports-Cultural Quota,Active Loan (No Stress Flagged),>8 LPA,Yes,0.1884,financial,1,Backlog / Academic-Probation Risk,financial
S00372,6.62,3,28,SENSE-ECE,53.9,Management Quota,General,Kerala,CBSE,DayScholar,71.8,48.3,65.0,65.0,75.0,5,stable,none,50,19,31,90.0,0,0.51,3.46,2.9,2.61,0.706,0.998,0.484,8.22,-0.36,0.31,,On Installment (On-Time),Merit-Based,No Loan,<2.5 LPA,Yes,0.0792,academic,0,No Risk,none
S00373,6.58,1,1,SENSE-ECE,72.3,Government Quota,General,Bihar,State Board,Hosteller,75.3,75.1,65.0,65.0,75.0,5,stable,none,50,26,24,88.0,0,1.0,2.83,3.59,2.81,0.682,0.628,0.41,4.52,-0.12,4.8,2.0,On Installment (On-Time),Merit-Based,Active Loan (No Stress Flagged),<2.5 LPA,Yes,0.1213,financial,0,No Risk,none
S00374,9.42,1,10,SENSE-ECE,99.9,Management Quota,OBC,Maharashtra,State Board,Hosteller,58.8,32.2,65.0,65.0,75.0,5,declining,early,50,28,22,76.0,0,-0.09,3.26,3.8,4.46,1.0,1.0,0.494,9.78,0.98,3.86,0.0,Fully Paid,No Scholarship,Active Loan (Repayment Stress Flagged),<2.5 LPA,No,0.0,financial,0,No Risk,none
S00375,8.76,1,6,SMEC-MECH,99.9,Government Quota,SC,Delhi-NCR,State Board,Hosteller,87.8,79.3,65.0,65.0,75.0,1,stable,none,50,45,5,90.0,0,0.08,3.93,2.83,4.25,1.0,1.0,0.435,8.61,-1.54,3.15,0.0,Fully Paid,Merit-Based,Active Loan (Repayment Stress Flagged),<2.5 LPA,Yes,0.1377,behavioural,0,No Risk,none
S00376,8.7,0,0,SENSE-ECE,98.7,Management Quota,General,Kerala,State Board,Hosteller,85.5,61.3,65.0,65.0,75.0,17,stable,none,50,19,31,94.0,0,1.0,3.18,4.87,2.31,0.846,0.641,0.534,7.55,-0.32,8.85,0.0,On Installment (On-Time),Category-Based,No Loan,>8 LPA,No,0.0,attendance,0,No Risk,none
S00377,6.71,1,2,SBST-BIOTECH,59.5,Government Quota,EWS,Other,CBSE,DayScholar,69.7,51.7,65.0,65.0,75.0,6,recovering,none,50,13,37,92.0,0,1.0,1.81,3.4,3.95,0.871,0.897,0.309,11.3,1.77,1.23,,Fully Paid,Institutional Need-Based,No Loan,2.5-8 LPA,Yes,0.0657,pedagogy,0,No Risk,none
S00378,6.4,2,6,SCE-CIVIL,71.1,Government Quota,ST,Delhi-NCR,CBSE,Hosteller,62.3,52.8,65.0,65.0,75.0,7,stable,none,50,16,34,88.0,0,0.54,2.52,,3.15,0.865,0.857,0.29,13.63,-0.39,7.47,1.0,On Installment (On-Time),No Scholarship,Active Loan (No Stress Flagged),<2.5 LPA,Yes,0.1439,visual_engagement,0,No Risk,none
S00379,7.8,0,0,SENSE-ECE,66.3,Management Quota,General,West Bengal,CBSE,DayScholar,85.0,70.2,65.0,65.0,75.0,0,stable,none,50,23,27,94.0,0,-0.16,4.42,,3.42,0.765,0.736,0.396,8.26,0.03,1.49,,Fully Paid,Category-Based,Active Loan (No Stress Flagged),2.5-8 LPA,No,0.0842,financial,0,No Risk,none
S00380,7.06,2,1,SCE-CIVIL,78.7,Management Quota,General,Kerala,CBSE,Hosteller,72.6,69.9,65.0,65.0,75.0,6,declining,late,50,8,42,96.0,0,-1.0,2.37,4.06,3.47,0.986,1.0,0.422,8.95,-0.68,2.43,1.0,Fully Paid,Institutional Need-Based,No Loan,2.5-8 LPA,No,0.0561,behavioural,0,No Risk,none
S00381,7.12,1,1,SCOPE-CSE,51.5,Management Quota,General,Tamil Nadu,State Board,Hosteller,71.0,57.6,65.0,65.0,75.0,8,stable,none,50,18,32,90.0,0,-0.49,4.91,,4.12,0.719,0.839,0.322,8.44,-0.11,1.96,0.0,Fully Paid,Merit-Based,Active Loan (Repayment Stress Flagged),2.5-8 LPA,No,0.2487,financial,2,Attendance-Debarment Risk,financial
S00382,8.42,0,0,SENSE-ECE,97.1,Government Quota,OBC,Tamil Nadu,CBSE,Hosteller,80.9,66.5,65.0,65.0,75.0,5,stable,none,50,34,16,88.0,0,1.0,3.42,2.7,2.95,0.724,0.792,0.497,11.31,0.24,2.15,1.0,Fully Paid,Category-Based,Active Loan (No Stress Flagged),<2.5 LPA,No,0.0,financial,0,No Risk,none
S00383,8.03,0,0,SMEC-MECH,66.2,Management Quota,OBC,Kerala,CBSE,Hosteller,84.8,80.3,65.0,65.0,75.0,1,recovering,none,50,45,5,86.0,0,-0.91,1.94,4.2,2.02,0.844,0.869,0.328,9.19,1.55,4.1,0.0,On Installment (On-Time),No Scholarship,Active Loan (No Stress Flagged),<2.5 LPA,Yes,0.1374,pedagogy,0,No Risk,none
S00384,6.81,1,10,SBST-BIOTECH,66.5,Government Quota,SC,Andhra Pradesh,CBSE,Hosteller,81.9,68.8,65.0,65.0,75.0,8,stable,none,50,43,7,84.0,0,0.41,3.9,4.09,2.96,0.585,0.625,0.428,6.34,-2.23,0.0,1.0,Fully Paid,Category-Based,No Loan,2.5-8 LPA,Yes,0.1775,behavioural,0,No Risk,none
S00385,6.83,1,6,SCE-CIVIL,79.1,Government Quota,General,Uttar Pradesh,State Board,Hosteller,78.6,77.6,65.0,65.0,75.0,11,stable,none,50,20,30,92.0,0,1.0,5.0,3.0,2.8,0.683,0.728,0.475,10.74,-0.51,2.62,3.0,Fully Paid,No Scholarship,Active Loan (No Stress Flagged),<2.5 LPA,No,0.0627,financial,0,No Risk,none
S00386,6.37,3,12,SCOPE-CSE,59.5,Government Quota,OBC,Bihar,State Board,DayScholar,61.9,56.3,65.0,65.0,75.0,5,stable,none,50,37,13,72.0,0,-1.0,4.69,1.87,2.77,0.633,0.598,0.078,8.02,0.87,4.18,,On Installment (On-Time),Institutional Need-Based,No Loan,2.5-8 LPA,Yes,0.1064,visual_engagement,0,No Risk,none
S00387,5.71,0,0,SMEC-MECH,29.7,Government Quota,OBC,Kerala,ICSE,Hosteller,86.4,84.0,65.0,65.0,75.0,4,stable,none,50,27,23,92.0,0,-0.12,4.19,2.79,3.71,0.34,0.422,0.474,12.57,0.45,3.83,1.0,Fully Paid,Merit-Based,Active Loan (Repayment Stress Flagged),<2.5 LPA,No,0.1361,diagnostic,0,No Risk,none
S00388,6.45,4,2,SCOPE-CSE,69.7,Government Quota,General,West Bengal,State Board,Hosteller,67.5,40.3,65.0,65.0,75.0,7,recovering,none,50,43,7,72.0,0,0.92,4.12,,2.79,0.614,0.65,0.441,10.38,0.43,4.75,2.0,Fully Paid,No Scholarship,No Loan,<2.5 LPA,No,0.0051,academic,0,No Risk,none
S00389,6.93,1,1,SMEC-MECH,82.1,Government Quota,General,Bihar,CBSE,Hosteller,100.0,80.3,65.0,65.0,75.0,0,recovering,none,50,35,15,100.0,0,-0.79,4.65,1.8,4.25,0.63,0.778,0.812,10.32,2.3,0.0,3.0,Fully Paid,Category-Based,No Loan,2.5-8 LPA,Yes,0.0036,behavioural,0,No Risk,none
S00390,8.02,1,3,SMEC-MECH,73.3,Government Quota,General,Tamil Nadu,CBSE,Hosteller,75.4,75.3,65.0,65.0,75.0,3,recovering,none,50,44,6,78.0,0,-0.39,2.71,5.0,3.34,0.63,0.707,0.397,10.35,-0.71,5.56,3.0,Fully Paid,Sports-Cultural Quota,No Loan,>8 LPA,Yes,0.0788,behavioural,0,No Risk,none
S00391,7.78,0,0,SCE-CIVIL,99.9,Government Quota,General,Kerala,State Board,Hosteller,87.2,74.0,65.0,65.0,75.0,1,stable,none,50,39,11,90.0,0,1.0,4.04,2.04,2.83,0.772,0.842,0.315,9.34,-0.07,4.1,2.0,Fully Paid,No Scholarship,No Loan,>8 LPA,No,0.0823,visual_engagement,0,No Risk,none
S00392,9.48,0,0,SCE-CIVIL,94.4,Government Quota,General,Bihar,State Board,Hosteller,76.4,76.2,65.0,65.0,75.0,3,stable,none,50,22,28,90.0,0,-0.29,2.44,3.36,4.02,1.0,0.981,0.595,8.88,-1.54,3.95,0.0,Fully Paid,Category-Based,No Loan,2.5-8 LPA,No,0.0279,behavioural,0,No Risk,none
S00393,7.52,0,0,SENSE-ECE,61.0,Management Quota,General,Bihar,CBSE,DayScholar,71.2,70.1,65.0,65.0,75.0,1,stable,none,50,24,26,86.0,0,-0.39,3.58,,2.69,0.838,0.845,0.437,10.25,-0.89,2.48,,On Installment (On-Time),No Scholarship,No Loan,2.5-8 LPA,No,0.0,behavioural,0,No Risk,none
S00394,8.19,0,0,SENSE-ECE,99.9,Government Quota,General,Bihar,ICSE,Hosteller,71.5,68.0,65.0,65.0,75.0,4,stable,none,50,11,39,94.0,0,0.53,3.16,,2.13,0.994,1.0,0.409,7.92,-1.33,0.0,0.0,Fully Paid,No Scholarship,Active Loan (No Stress Flagged),2.5-8 LPA,Yes,0.1245,financial,0,No Risk,none
S00395,9.43,0,0,SCE-CIVIL,90.5,Management Quota,OBC,Kerala,State Board,Hosteller,82.5,73.0,65.0,65.0,75.0,0,stable,none,50,43,7,84.0,0,-0.08,3.19,4.92,4.15,0.891,1.0,0.449,4.49,0.91,0.44,0.0,Fully Paid,No Scholarship,Active Loan (Repayment Stress Flagged),>8 LPA,Yes,0.0878,financial,0,No Risk,none
S00396,7.39,1,1,SCE-CIVIL,52.4,Management Quota,General,Karnataka,CBSE,Hosteller,72.4,70.1,65.0,65.0,75.0,2,stable,none,50,8,42,96.0,0,-0.54,3.97,2.14,4.15,0.606,0.785,0.488,6.1,-0.63,1.91,1.0,On Installment (On-Time),Institutional Need-Based,Active Loan (No Stress Flagged),2.5-8 LPA,Yes,0.0568,financial,0,No Risk,none
S00397,9.7,0,0,SCE-CIVIL,77.8,Management Quota,General,Delhi-NCR,CBSE,Hosteller,73.5,72.0,65.0,65.0,75.0,0,stable,none,50,5,45,98.0,0,0.55,3.59,3.71,4.23,0.656,0.562,0.391,13.24,1.78,2.67,2.0,Fully Paid,Category-Based,Active Loan (No Stress Flagged),2.5-8 LPA,Yes,0.1033,financial,0,No Risk,none
S00398,8.01,0,0,SCE-CIVIL,86.6,Management Quota,General,Maharashtra,State Board,Hosteller,82.1,76.1,65.0,65.0,75.0,0,stable,none,50,36,14,88.0,0,-0.27,3.19,3.54,4.44,0.784,0.606,0.602,8.03,-0.44,0.89,1.0,Fully Paid,No Scholarship,Active Loan (No Stress Flagged),<2.5 LPA,No,0.1087,financial,0,No Risk,none
S00399,6.48,2,8,SCE-CIVIL,64.6,Management Quota,OBC,Delhi-NCR,ICSE,Hosteller,87.4,80.7,65.0,65.0,75.0,5,stable,none,50,8,42,98.0,0,-0.97,3.69,5.0,1.7,0.673,0.724,0.451,9.29,0.67,3.19,1.0,On Installment (Overdue),No Scholarship,No Loan,<2.5 LPA,Yes,0.206,financial,1,Backlog / Academic-Probation Risk,financial
S00400,7.93,0,0,SBST-BIOTECH,91.0,Government Quota,General,Tamil Nadu,State Board,Hosteller,86.6,84.5,65.0,65.0,75.0,0,stable,none,50,47,3,88.0,0,-0.12,4.02,2.93,3.44,0.633,0.461,0.594,4.03,-1.09,0.0,1.0,Fully Paid,No Scholarship,No Loan,2.5-8 LPA,No,0.0721,behavioural,0,No Risk,none
S00401,8.17,0,0,SCE-CIVIL,89.5,Management Quota,OBC,Other,CBSE,Hosteller,100.0,97.0,65.0,65.0,75.0,10,recovering,none,50,24,26,100.0,0,0.7,4.31,2.83,3.1,1.0,1.0,0.434,11.36,-0.68,4.8,1.0,Fully Paid,No Scholarship,Active Loan (No Stress Flagged),2.5-8 LPA,No,0.1089,financial,0,No Risk,none
S00402,10.0,1,10,SMEC-MECH,92.2,Government Quota,General,Delhi-NCR,State Board,Hosteller,75.7,59.0,65.0,65.0,75.0,6,declining,late,50,41,9,80.0,0,1.0,4.59,3.56,3.36,1.0,1.0,0.473,8.97,-1.56,3.25,0.0,Fee Due >30 Days,No Scholarship,No Loan,2.5-8 LPA,Yes,0.0956,financial,0,No Risk,none
S00403,6.81,0,0,SMEC-MECH,66.1,Management Quota,EWS,Andhra Pradesh,State Board,DayScholar,94.7,79.7,65.0,65.0,75.0,1,recovering,none,50,26,24,98.0,0,0.44,3.69,,1.37,0.76,0.757,0.74,11.45,-0.45,5.05,,Fully Paid,Merit-Based,No Loan,<2.5 LPA,No,0.0,pedagogy,0,No Risk,none
S00404,7.69,1,14,SCOPE-CSE,85.9,Government Quota,OBC,Delhi-NCR,CBSE,Hosteller,88.2,85.3,65.0,65.0,75.0,3,stable,none,50,42,8,90.0,0,1.0,3.04,3.21,5.0,0.849,0.8,0.622,12.41,-0.19,8.25,2.0,On Installment (Overdue),No Scholarship,Active Loan (No Stress Flagged),>8 LPA,Yes,0.1949,financial,1,Backlog / Academic-Probation Risk,financial
S00405,6.55,3,1,SBST-BIOTECH,50.5,Management Quota,General,Karnataka,CBSE,Hosteller,98.4,96.7,65.0,65.0,75.0,2,stable,none,50,47,3,98.0,0,-0.19,2.93,3.71,3.32,0.637,0.74,0.721,8.62,0.45,6.67,1.0,Fully Paid,No Scholarship,No Loan,<2.5 LPA,No,0.0039,academic,0,No Risk,none
S00406,7.17,0,0,SENSE-ECE,61.3,Government Quota,EWS,Uttar Pradesh,State Board,DayScholar,80.6,78.5,65.0,65.0,75.0,3,stable,none,50,46,4,82.0,0,0.03,3.54,5.0,3.13,0.734,0.72,0.559,13.7,1.56,1.48,,Fully Paid,Merit-Based,Active Loan (No Stress Flagged),2.5-8 LPA,No,0.123,financial,0,No Risk,none
S00407,9.07,0,0,SMEC-MECH,98.5,Management Quota,General,Andhra Pradesh,State Board,DayScholar,64.3,63.8,65.0,65.0,75.0,5,stable,none,50,43,7,70.0,0,0.36,3.7,,4.25,0.902,0.767,0.315,9.94,0.19,1.52,,Fully Paid,No Scholarship,Active Loan (No Stress Flagged),>8 LPA,No,0.1837,financial,1,Backlog / Academic-Probation Risk,financial
S00408,6.01,2,16,SBST-BIOTECH,59.4,Management Quota,General,Kerala,ICSE,DayScholar,80.2,70.9,65.0,65.0,75.0,0,stable,none,50,35,15,86.0,0,-0.79,3.48,1.24,3.25,0.412,0.434,0.635,14.56,-0.01,5.04,,Fully Paid,No Scholarship,No Loan,2.5-8 LPA,No,0.0735,diagnostic,0,No Risk,none
S00409,6.87,6,9,SCE-CIVIL,60.4,Management Quota,General,Other,CBSE,Hosteller,82.4,79.6,65.0,65.0,75.0,2,stable,none,50,35,15,88.0,0,-0.05,3.05,3.18,5.0,0.43,0.43,0.517,7.86,-0.66,0.15,2.0,Fully Paid,No Scholarship,Active Loan (No Stress Flagged),>8 LPA,No,0.0783,academic,0,No Risk,none
S00410,7.1,2,1,SCE-CIVIL,64.3,Management Quota,EWS,Andhra Pradesh,ICSE,Hosteller,91.1,71.9,65.0,65.0,75.0,1,stable,none,50,9,41,98.0,0,0.12,4.58,3.39,1.9,0.387,0.591,0.621,9.62,-1.35,1.19,1.0,Fully Paid,Merit-Based,No Loan,2.5-8 LPA,No,0.1729,behavioural,0,No Risk,none
S00411,7.83,0,0,SMEC-MECH,80.7,Government Quota,General,Andhra Pradesh,CBSE,Hosteller,33.3,23.2,65.0,65.0,75.0,4,stable,none,50,39,11,48.0,1,0.21,4.18,4.95,4.18,0.864,0.973,0.172,13.07,-0.21,4.98,5.0,Fee Due >30 Days,No Scholarship,No Loan,2.5-8 LPA,Yes,0.2535,attendance,2,Attendance-Debarment Risk,academic
S00412,6.96,1,9,SBST-BIOTECH,70.4,Government Quota,EWS,Andhra Pradesh,State Board,DayScholar,84.6,76.5,65.0,65.0,75.0,1,stable,none,50,25,25,92.0,0,-1.0,1.3,3.85,3.32,0.802,0.69,0.463,7.87,-0.3,4.69,,On Installment (On-Time),Institutional Need-Based,No Loan,2.5-8 LPA,No,0.0,pedagogy,0,No Risk,none
S00413,8.1,0,0,SCE-CIVIL,79.6,Management Quota,EWS,Bihar,CBSE,Hosteller,100.0,89.2,65.0,65.0,75.0,1,stable,none,50,28,22,100.0,0,-0.05,2.69,5.0,3.29,1.0,0.946,0.879,5.12,-0.39,1.93,1.0,Fully Paid,No Scholarship,No Loan,>8 LPA,Yes,0.0,behavioural,0,No Risk,none
S00414,7.24,3,7,SMEC-MECH,85.7,Government Quota,EWS,Kerala,CBSE,Hosteller,81.2,63.7,65.0,65.0,75.0,4,stable,none,50,46,4,82.0,0,0.66,1.87,2.88,2.95,0.75,0.622,0.574,8.67,-0.32,5.68,0.0,On Installment (On-Time),No Scholarship,Active Loan (Repayment Stress Flagged),2.5-8 LPA,No,0.1395,pedagogy,0,No Risk,none
S00415,8.77,0,0,SBST-BIOTECH,91.4,Government Quota,SC,Other,State Board,Hosteller,71.8,67.8,65.0,65.0,75.0,6,stable,none,50,5,45,98.0,0,-0.66,3.8,,4.65,0.985,0.856,0.257,10.5,-0.13,2.0,1.0,Fee Due >30 Days,Category-Based,Active Loan (Repayment Stress Flagged),<2.5 LPA,No,0.163,financial,0,No Risk,none
S00416,6.2,1,1,SMEC-MECH,65.9,Management Quota,ST,Uttar Pradesh,ICSE,Hosteller,84.1,72.7,65.0,65.0,75.0,6,stable,none,50,34,16,90.0,0,0.53,3.37,4.28,4.79,0.838,0.844,0.588,11.82,-1.25,0.75,1.0,On Installment (On-Time),No Scholarship,No Loan,>8 LPA,Yes,0.118,behavioural,0,No Risk,none
S00417,9.36,1,6,SMEC-MECH,99.9,Management Quota,OBC,Karnataka,State Board,DayScholar,84.1,78.3,65.0,65.0,75.0,0,stable,none,50,39,11,88.0,0,-0.83,2.93,1.0,2.39,1.0,1.0,0.496,10.7,-2.05,3.56,,Fully Paid,No Scholarship,No Loan,>8 LPA,Yes,0.0,behavioural,0,No Risk,none
S00418,7.99,0,0,SBST-BIOTECH,99.9,Government Quota,General,Tamil Nadu,ICSE,Hosteller,75.4,55.8,65.0,65.0,75.0,5,stable,none,50,21,29,90.0,0,0.22,3.39,3.1,4.47,1.0,1.0,0.453,10.77,-0.76,4.53,1.0,Fully Paid,Institutional Need-Based,No Loan,<2.5 LPA,No,0.0855,behavioural,0,No Risk,none
S00419,7.02,5,42,SCE-CIVIL,73.4,Government Quota,General,Kerala,State Board,Hosteller,65.8,60.0,65.0,65.0,75.0,8,stable,none,50,35,15,76.0,0,-1.0,4.04,2.53,2.91,0.482,0.582,0.261,5.89,0.65,2.49,3.0,Fully Paid,No Scholarship,No Loan,>8 LPA,No,0.182,academic,1,Backlog / Academic-Probation Risk,academic
S00420,7.99,0,0,SCE-CIVIL,73.4,Management Quota,General,Andhra Pradesh,State Board,Hosteller,83.7,83.3,65.0,65.0,75.0,1,recovering,none,50,36,14,88.0,0,0.25,2.92,,2.45,0.75,0.651,0.367,3.69,-1.7,5.04,0.0,On Installment (On-Time),Merit-Based,No Loan,2.5-8 LPA,Yes,0.1444,behavioural,0,No Risk,none
S00421,10.0,0,0,SBST-BIOTECH,99.9,Government Quota,General,Uttar Pradesh,CBSE,Hosteller,95.7,91.8,65.0,65.0,75.0,4,stable,none,50,39,11,96.0,0,-0.66,3.74,1.38,4.82,1.0,1.0,0.594,14.39,0.49,5.29,1.0,Fully Paid,Category-Based,No Loan,<2.5 LPA,No,0.0447,attendance,0,No Risk,none
S00422,7.62,0,0,SCOPE-CSE,79.7,Management Quota,OBC,Maharashtra,ICSE,Hosteller,72.9,49.9,65.0,65.0,75.0,8,recovering,none,50,17,33,90.0,0,0.01,2.57,2.63,2.75,0.878,0.895,0.128,9.53,0.03,2.32,2.0,Fully Paid,No Scholarship,Active Loan (Repayment Stress Flagged),2.5-8 LPA,No,0.2891,visual_engagement,2,Attendance-Debarment Risk,pedagogical
S00423,7.22,0,0,SCE-CIVIL,71.7,Management Quota,EWS,Uttar Pradesh,International,Hosteller,78.3,61.6,65.0,65.0,75.0,7,stable,none,50,7,43,96.0,0,0.99,2.45,3.82,2.43,0.798,0.706,0.487,8.54,-0.23,4.88,0.0,On Installment (Overdue),No Scholarship,No Loan,>8 LPA,No,0.1813,financial,0,No Risk,none
S00424,6.36,5,2,SCE-CIVIL,65.6,Government Quota,General,Delhi-NCR,State Board,Hosteller,61.9,54.6,65.0,65.0,75.0,9,stable,none,50,34,16,74.0,0,0.28,2.16,3.1,3.58,0.474,0.296,0.381,2.9,0.07,2.35,1.0,Fully Paid,Institutional Need-Based,No Loan,<2.5 LPA,No,0.2805,academic,2,Attendance-Debarment Risk,academic
S00425,8.18,0,0,SBST-BIOTECH,69.2,Management Quota,General,Karnataka,CBSE,Hosteller,70.2,69.5,65.0,65.0,75.0,12,declining,early,50,24,26,86.0,0,-0.39,5.0,2.9,3.22,0.886,0.883,0.453,10.77,-1.89,6.59,4.0,On Installment (On-Time),No Scholarship,Active Loan (Repayment Stress Flagged),<2.5 LPA,Yes,0.1249,behavioural,0,No Risk,none
S00426,8.62,0,0,SCE-CIVIL,79.1,Government Quota,OBC,Delhi-NCR,State Board,Hosteller,76.7,40.2,65.0,65.0,75.0,10,stable,none,50,37,13,82.0,0,0.22,2.07,5.0,4.06,0.747,0.578,0.405,9.05,1.95,2.62,0.0,On Installment (On-Time),Sports-Cultural Quota,Active Loan (No Stress Flagged),2.5-8 LPA,Yes,0.0688,financial,0,No Risk,none
S00427,5.7,3,13,SMEC-MECH,67.1,Management Quota,General,Tamil Nadu,International,Hosteller,93.5,87.9,65.0,65.0,75.0,1,stable,none,50,39,11,94.0,0,-0.16,3.27,3.16,4.73,0.331,0.614,0.59,10.62,1.17,2.01,1.0,Fully Paid,Merit-Based,Active Loan (No Stress Flagged),>8 LPA,No,0.2187,diagnostic,1,Backlog / Academic-Probation Risk,pedagogical
S00428,8.08,1,12,SCOPE-CSE,85.5,Management Quota,EWS,Maharashtra,State Board,DayScholar,72.1,58.9,65.0,65.0,75.0,9,declining,late,50,40,10,78.0,0,-0.89,3.82,,3.09,0.727,0.76,0.519,8.0,-1.17,5.3,,Fully Paid,No Scholarship,Active Loan (No Stress Flagged),>8 LPA,Yes,0.1406,financial,0,No Risk,none
S00429,6.63,1,5,SMEC-MECH,66.6,Government Quota,SC,Bihar,CBSE,Hosteller,68.1,54.5,65.0,65.0,75.0,4,recovering,none,50,26,24,84.0,0,1.0,1.65,2.05,2.66,0.706,0.432,0.37,12.94,-0.94,0.22,6.0,Fully Paid,Institutional Need-Based,No Loan,2.5-8 LPA,No,0.0475,pedagogy,0,No Risk,none
S00430,7.71,1,1,SBST-BIOTECH,80.9,Government Quota,OBC,Andhra Pradesh,State Board,Hosteller,88.0,87.0,65.0,65.0,75.0,0,stable,none,50,17,33,96.0,0,-0.46,3.26,4.46,4.08,0.798,0.807,0.498,3.11,-1.51,1.51,0.0,On Installment (On-Time),No Scholarship,No Loan,2.5-8 LPA,No,0.035,behavioural,0,No Risk,none
S00431,8.57,0,0,SCE-CIVIL,91.4,Government Quota,ST,Maharashtra,CBSE,Hosteller,86.0,82.3,65.0,65.0,75.0,0,stable,none,50,36,14,90.0,0,-0.1,3.63,3.45,2.73,0.845,1.0,0.548,6.86,-1.47,3.25,2.0,Fully Paid,No Scholarship,Active Loan (Repayment Stress Flagged),2.5-8 LPA,No,0.2146,behavioural,1,Backlog / Academic-Probation Risk,psychosocial
S00432,9.14,0,0,SBST-BIOTECH,83.4,Government Quota,EWS,Maharashtra,State Board,DayScholar,78.1,76.3,65.0,65.0,75.0,3,stable,none,50,7,43,96.0,0,-0.72,4.33,4.2,3.95,0.833,1.0,0.305,14.98,0.22,0.0,,Fully Paid,Category-Based,Active Loan (Repayment Stress Flagged),2.5-8 LPA,No,0.0492,financial,0,No Risk,none
S00433,6.58,0,0,SENSE-ECE,56.0,Government Quota,General,Uttar Pradesh,State Board,Hosteller,74.7,74.7,65.0,65.0,75.0,2,declining,late,50,45,5,78.0,0,0.84,4.27,1.99,3.24,0.981,0.942,0.428,10.27,-0.21,2.08,0.0,Fully Paid,Category-Based,Active Loan (No Stress Flagged),>8 LPA,No,0.222,financial,1,Backlog / Academic-Probation Risk,financial
S00434,8.06,0,0,SMEC-MECH,93.3,Government Quota,EWS,Karnataka,State Board,Hosteller,71.8,70.9,65.0,65.0,75.0,0,stable,none,50,20,30,88.0,0,0.16,3.65,2.88,3.74,0.821,0.873,0.685,10.19,-0.67,6.74,1.0,Fully Paid,Category-Based,Active Loan (No Stress Flagged),2.5-8 LPA,Yes,0.117,financial,0,No Risk,none
S00435,7.31,1,12,SCOPE-CSE,83.8,Government Quota,General,Uttar Pradesh,State Board,DayScholar,70.9,65.2,65.0,65.0,75.0,4,stable,none,50,14,36,92.0,0,0.22,4.5,2.35,2.9,0.647,0.703,0.624,15.36,0.74,3.24,,Fully Paid,Category-Based,Active Loan (No Stress Flagged),2.5-8 LPA,Yes,0.0327,financial,0,No Risk,none
S00436,8.02,0,0,SBST-BIOTECH,74.9,Government Quota,General,Delhi-NCR,CBSE,DayScholar,84.0,73.6,65.0,65.0,75.0,8,recovering,none,50,37,13,88.0,0,-0.76,4.1,,1.95,1.0,0.945,0.516,8.14,-0.4,1.23,,On Installment (On-Time),Institutional Need-Based,Active Loan (No Stress Flagged),>8 LPA,Yes,0.0085,financial,0,No Risk,none
S00437,9.37,0,0,SBST-BIOTECH,99.9,Government Quota,General,Karnataka,ICSE,Hosteller,68.4,65.5,65.0,65.0,75.0,6,stable,none,50,9,41,94.0,0,0.26,2.27,2.18,3.74,0.899,0.819,0.476,10.73,0.41,1.37,5.0,On Installment (On-Time),No Scholarship,Active Loan (No Stress Flagged),2.5-8 LPA,No,0.2296,financial,1,Backlog / Academic-Probation Risk,financial
S00438,6.16,4,1,SCE-CIVIL,75.8,Management Quota,General,West Bengal,State Board,Hosteller,66.6,62.4,65.0,65.0,75.0,10,declining,late,50,27,23,82.0,0,0.38,3.74,2.78,3.19,0.79,0.969,0.219,7.38,1.14,6.76,5.0,Fully Paid,Institutional Need-Based,No Loan,2.5-8 LPA,No,0.1811,visual_engagement,0,No Risk,none
S00439,6.95,0,0,SBST-BIOTECH,78.1,Government Quota,OBC,Bihar,CBSE,Hosteller,59.0,52.3,65.0,65.0,75.0,4,declining,late,50,28,22,78.0,0,0.45,3.71,4.25,3.59,0.657,0.651,0.341,14.19,-0.2,5.95,6.0,On Installment (On-Time),Merit-Based,No Loan,2.5-8 LPA,No,0.0114,visual_engagement,0,No Risk,none
S00440,9.44,0,0,SENSE-ECE,99.9,Government Quota,General,Other,ICSE,Hosteller,74.6,73.5,65.0,65.0,75.0,2,stable,none,50,23,27,88.0,0,0.09,4.66,4.58,1.92,0.879,1.0,0.487,7.42,0.83,1.94,0.0,Fully Paid,Category-Based,Active Loan (No Stress Flagged),<2.5 LPA,Yes,0.0918,financial,0,No Risk,none
S00441,8.02,1,1,SBST-BIOTECH,69.1,Government Quota,General,Kerala,International,Hosteller,89.8,89.6,65.0,65.0,75.0,3,stable,none,50,14,36,98.0,0,1.0,3.27,4.66,3.34,0.782,0.733,0.315,9.71,-0.81,0.85,1.0,Fully Paid,Merit-Based,No Loan,>8 LPA,Yes,0.0817,visual_engagement,0,No Risk,none
S00442,8.14,0,0,SBST-BIOTECH,78.9,Government Quota,OBC,Kerala,CBSE,Hosteller,95.1,90.9,65.0,65.0,75.0,0,stable,none,50,14,36,98.0,0,-0.25,4.96,2.64,2.78,0.734,0.831,0.497,13.25,-0.24,7.96,0.0,On Installment (On-Time),No Scholarship,No Loan,2.5-8 LPA,No,0.0,pedagogy,0,No Risk,none
S00443,6.68,1,21,SBST-BIOTECH,61.4,Management Quota,General,Maharashtra,CBSE,DayScholar,78.0,71.9,65.0,65.0,75.0,0,stable,none,50,34,16,86.0,0,-0.01,3.73,4.4,3.72,0.644,0.662,0.467,9.59,-0.16,1.88,,Fully Paid,Institutional Need-Based,Active Loan (No Stress Flagged),<2.5 LPA,No,0.1293,financial,0,No Risk,none
S00444,5.4,5,18,SMEC-MECH,53.2,Government Quota,ST,Bihar,State Board,Hosteller,48.0,46.2,65.0,65.0,75.0,5,declining,early,50,18,32,82.0,0,0.3,5.0,2.79,3.17,0.32,0.565,0.217,4.35,-0.72,3.03,1.0,Fully Paid,Merit-Based,Active Loan (No Stress Flagged),>8 LPA,No,0.2295,academic,1,Backlog / Academic-Probation Risk,academic
S00445,8.53,0,0,SENSE-ECE,89.3,Government Quota,EWS,Karnataka,State Board,DayScholar,83.4,78.8,65.0,65.0,75.0,0,stable,none,50,27,23,92.0,0,0.28,4.69,5.0,1.66,0.806,0.94,0.475,15.35,1.53,1.37,,Fully Paid,No Scholarship,No Loan,2.5-8 LPA,No,0.0,pedagogy,0,No Risk,none
S00446,5.23,2,3,SENSE-ECE,50.9,Management Quota,OBC,Tamil Nadu,State Board,Hosteller,84.3,71.5,65.0,65.0,75.0,3,stable,none,50,30,20,90.0,0,-0.12,4.55,3.25,2.82,0.339,0.41,0.751,6.44,-0.23,0.38,0.0,Fully Paid,Institutional Need-Based,No Loan,>8 LPA,No,0.1079,diagnostic,0,No Risk,none
S00447,5.99,1,10,SCOPE-CSE,54.6,Government Quota,General,West Bengal,State Board,Hosteller,74.0,62.3,65.0,65.0,75.0,5,stable,none,50,33,17,82.0,0,-0.09,4.55,,3.99,0.716,0.737,0.491,9.48,-1.32,1.02,0.0,On Installment (On-Time),Category-Based,No Loan,2.5-8 LPA,No,0.0715,behavioural,0,No Risk,none
S00448,8.08,0,0,SCE-CIVIL,79.2,Government Quota,General,Kerala,State Board,Hosteller,54.0,41.5,65.0,65.0,75.0,5,recovering,none,50,29,21,74.0,0,1.0,3.71,,3.29,0.885,0.899,0.319,9.8,-0.7,0.83,3.0,Fee Due >30 Days,No Scholarship,Active Loan (Repayment Stress Flagged),2.5-8 LPA,No,0.332,financial,3,Withdrawal / Discontinuation Risk,financial
S00449,8.31,0,0,SCOPE-CSE,77.0,Government Quota,OBC,Andhra Pradesh,State Board,Hosteller,82.3,80.2,65.0,65.0,75.0,0,recovering,none,50,36,14,88.0,0,0.22,3.7,4.03,4.43,0.932,0.863,0.535,7.27,-0.0,1.18,1.0,Fully Paid,Institutional Need-Based,Active Loan (Repayment Stress Flagged),<2.5 LPA,No,0.0,financial,0,No Risk,none
S00450,8.52,0,0,SMEC-MECH,90.1,Management Quota,General,Uttar Pradesh,State Board,DayScholar,73.0,61.8,65.0,65.0,75.0,10,stable,none,50,34,16,82.0,0,0.72,3.89,2.8,2.64,0.866,1.0,0.424,7.89,-1.3,3.41,,Fully Paid,Merit-Based,No Loan,<2.5 LPA,No,0.186,behavioural,1,Backlog / Academic-Probation Risk,psychosocial
S00451,9.46,0,0,SCOPE-CSE,86.4,Government Quota,General,Delhi-NCR,ICSE,Hosteller,49.6,44.3,65.0,65.0,75.0,12,stable,none,50,8,42,92.0,0,0.14,3.88,3.77,1.93,0.924,0.807,0.274,14.19,-1.34,1.66,5.0,Fee Due >30 Days,No Scholarship,Active Loan (Repayment Stress Flagged),2.5-8 LPA,Yes,0.3024,financial,2,Attendance-Debarment Risk,financial
S00452,6.04,2,11,SCE-CIVIL,63.7,Government Quota,OBC,Maharashtra,CBSE,Hosteller,80.4,75.5,65.0,65.0,75.0,2,recovering,none,50,45,5,82.0,0,-0.67,4.4,2.82,3.63,0.655,0.833,0.378,12.97,-0.08,1.99,2.0,On Installment (On-Time),Merit-Based,Active Loan (No Stress Flagged),2.5-8 LPA,Yes,0.1652,financial,0,No Risk,none
S00453,6.94,2,1,SCE-CIVIL,73.5,Government Quota,EWS,Other,CBSE,DayScholar,91.9,88.1,65.0,65.0,75.0,6,stable,none,50,20,30,96.0,0,-0.03,3.51,,3.63,0.697,0.73,0.667,10.88,-0.82,0.88,,On Installment (Overdue),No Scholarship,Active Loan (Repayment Stress Flagged),<2.5 LPA,No,0.1966,financial,1,Backlog / Academic-Probation Risk,financial
S00454,6.66,0,0,SCE-CIVIL,55.3,Government Quota,General,West Bengal,CBSE,Hosteller,77.1,75.9,65.0,65.0,75.0,0,stable,none,50,34,16,84.0,0,0.29,3.26,2.4,3.72,0.536,0.575,0.679,10.51,-1.55,1.31,0.0,Fully Paid,No Scholarship,Active Loan (No Stress Flagged),2.5-8 LPA,No,0.1577,behavioural,0,No Risk,none
S00455,8.82,0,0,SENSE-ECE,93.9,Government Quota,SC,Maharashtra,State Board,Hosteller,97.3,85.0,65.0,65.0,75.0,4,stable,none,50,32,18,98.0,0,0.2,3.59,,3.44,0.914,1.0,0.819,7.73,-0.27,2.15,1.0,Fully Paid,No Scholarship,No Loan,2.5-8 LPA,No,0.0,behavioural,0,No Risk,none
S00456,6.37,2,18,SMEC-MECH,57.4,Management Quota,OBC,Karnataka,CBSE,DayScholar,68.9,63.5,65.0,65.0,75.0,14,declining,early,50,34,16,78.0,0,-0.97,1.75,3.09,3.01,0.621,0.579,0.326,10.52,-1.06,2.4,,Fully Paid,Category-Based,No Loan,<2.5 LPA,No,0.1335,pedagogy,0,No Risk,none
S00457,7.08,0,0,SCE-CIVIL,80.8,Government Quota,EWS,Uttar Pradesh,State Board,Hosteller,76.7,68.5,65.0,65.0,75.0,5,recovering,none,50,6,44,98.0,0,-1.0,1.35,,3.96,0.654,0.695,0.462,14.07,1.05,5.1,0.0,Fully Paid,No Scholarship,No Loan,2.5-8 LPA,No,0.0027,pedagogy,0,No Risk,none
S00458,5.42,3,39,SCOPE-CSE,45.1,Management Quota,EWS,Karnataka,State Board,Hosteller,60.2,50.1,65.0,65.0,75.0,4,declining,early,50,34,16,72.0,0,-0.61,2.71,2.69,1.27,0.368,0.446,0.272,8.1,1.47,1.45,3.0,Fee Due >30 Days,No Scholarship,Active Loan (No Stress Flagged),2.5-8 LPA,No,0.325,financial,3,Withdrawal / Discontinuation Risk,financial
S00459,8.35,0,0,SCE-CIVIL,67.9,Government Quota,EWS,Karnataka,CBSE,Hosteller,81.4,77.3,65.0,65.0,75.0,0,recovering,none,50,25,25,90.0,0,0.43,4.87,4.06,4.4,0.988,1.0,0.59,15.87,-0.64,2.69,0.0,Fully Paid,Merit-Based,No Loan,<2.5 LPA,No,0.0758,behavioural,0,No Risk,none
S00460,7.43,3,4,SBST-BIOTECH,84.3,Government Quota,OBC,Uttar Pradesh,State Board,DayScholar,91.6,80.1,65.0,65.0,75.0,0,recovering,none,50,36,14,94.0,0,-0.79,2.76,2.66,2.64,0.78,0.923,0.458,13.0,-0.27,3.69,,Fully Paid,No Scholarship,Active Loan (No Stress Flagged),2.5-8 LPA,Yes,0.103,financial,0,No Risk,none
S00461,7.16,1,22,SENSE-ECE,87.9,Government Quota,SC,West Bengal,State Board,DayScholar,62.6,62.3,65.0,65.0,75.0,5,declining,early,50,45,5,66.0,0,0.7,3.93,3.8,2.04,0.622,0.812,0.482,10.81,-2.03,0.58,,On Installment (On-Time),No Scholarship,No Loan,>8 LPA,No,0.1093,behavioural,0,No Risk,none
S00462,5.27,6,2,SBST-BIOTECH,59.7,Government Quota,General,Kerala,State Board,DayScholar,85.8,81.5,65.0,65.0,75.0,3,stable,none,50,43,7,88.0,0,-0.89,3.22,3.54,3.78,0.479,0.559,0.685,9.99,0.73,4.88,,Fully Paid,Institutional Need-Based,Active Loan (No Stress Flagged),<2.5 LPA,No,0.1159,academic,0,No Risk,none
S00463,7.4,0,0,SBST-BIOTECH,82.7,Government Quota,OBC,Tamil Nadu,State Board,DayScholar,72.4,57.2,65.0,65.0,75.0,4,stable,none,50,12,38,94.0,0,-0.0,4.51,,3.55,0.774,0.831,0.481,11.17,1.23,0.0,,Fully Paid,No Scholarship,Active Loan (No Stress Flagged),<2.5 LPA,No,0.0295,financial,0,No Risk,none
S00464,6.61,2,4,SCOPE-CSE,48.7,Government Quota,General,Bihar,State Board,Hosteller,70.0,61.9,65.0,65.0,75.0,6,declining,late,50,22,28,86.0,0,0.22,3.51,2.17,2.05,0.638,0.687,0.227,9.22,-0.98,0.86,1.0,On Installment (On-Time),No Scholarship,Active Loan (No Stress Flagged),<2.5 LPA,Yes,0.191,visual_engagement,1,Backlog / Academic-Probation Risk,pedagogical
S00465,7.7,1,15,SMEC-MECH,99.9,Government Quota,General,Delhi-NCR,CBSE,Hosteller,71.2,66.8,65.0,65.0,75.0,8,stable,none,50,32,18,82.0,0,-1.0,3.53,2.0,3.29,0.928,0.999,0.473,9.11,-0.44,4.58,1.0,Fee Due >30 Days,No Scholarship,No Loan,2.5-8 LPA,No,0.2147,financial,1,Backlog / Academic-Probation Risk,financial
S00466,7.62,1,15,SBST-BIOTECH,59.3,Government Quota,General,Andhra Pradesh,State Board,DayScholar,69.7,63.9,65.0,65.0,75.0,9,stable,none,50,20,30,88.0,0,0.52,2.53,3.56,3.63,0.77,0.818,0.502,13.91,-1.29,6.0,,On Installment (On-Time),Institutional Need-Based,Active Loan (Repayment Stress Flagged),>8 LPA,No,0.1283,financial,0,No Risk,none
S00467,6.4,0,0,SCE-CIVIL,65.7,Government Quota,ST,Andhra Pradesh,State Board,Hosteller,77.1,76.6,65.0,65.0,75.0,6,stable,none,50,13,37,94.0,0,-0.31,4.45,2.98,2.23,0.685,0.736,0.579,7.85,0.52,6.28,2.0,Fully Paid,Category-Based,No Loan,<2.5 LPA,No,0.1083,pedagogy,0,No Risk,none
S00468,7.19,0,0,SENSE-ECE,59.9,Government Quota,General,Bihar,State Board,Hosteller,65.2,61.9,65.0,65.0,75.0,5,stable,none,50,8,42,94.0,0,1.0,1.33,2.3,3.66,0.618,0.733,0.367,7.88,-0.4,3.18,2.0,Fully Paid,Institutional Need-Based,Active Loan (Repayment Stress Flagged),<2.5 LPA,Yes,0.1815,pedagogy,0,No Risk,none
S00469,8.26,0,0,SMEC-MECH,71.7,Government Quota,General,Maharashtra,CBSE,Hosteller,85.5,68.7,65.0,65.0,75.0,11,recovering,none,50,41,9,88.0,0,0.37,4.02,,3.07,0.748,0.68,0.357,8.73,-0.36,3.21,1.0,On Installment (On-Time),No Scholarship,Active Loan (Repayment Stress Flagged),<2.5 LPA,Yes,0.0751,financial,0,No Risk,none
S00470,6.57,1,12,SBST-BIOTECH,67.0,Management Quota,General,West Bengal,State Board,DayScholar,72.2,69.2,65.0,65.0,75.0,4,recovering,none,50,36,14,80.0,0,-1.0,3.94,4.54,4.66,0.737,0.908,0.422,16.2,0.65,1.2,,On Installment (On-Time),No Scholarship,Active Loan (Repayment Stress Flagged),<2.5 LPA,Yes,0.0,financial,0,No Risk,none
S00471,6.59,0,0,SENSE-ECE,69.8,Management Quota,General,Uttar Pradesh,ICSE,DayScholar,96.7,90.3,65.0,65.0,75.0,0,recovering,none,50,37,13,98.0,0,0.35,4.5,2.43,3.93,0.436,0.402,0.587,11.35,0.12,5.06,,Fully Paid,Category-Based,No Loan,<2.5 LPA,No,0.0327,diagnostic,0,No Risk,none
S00472,8.06,0,0,SCOPE-CSE,98.1,Government Quota,General,Karnataka,State Board,Hosteller,85.0,82.0,65.0,65.0,75.0,4,stable,none,50,45,5,86.0,0,-1.0,3.6,1.3,3.42,0.626,0.657,0.703,11.39,0.08,1.94,1.0,Fully Paid,No Scholarship,Active Loan (No Stress Flagged),2.5-8 LPA,No,0.1209,financial,0,No Risk,none
S00473,8.77,1,12,SCE-CIVIL,76.4,Government Quota,EWS,Kerala,State Board,DayScholar,62.6,55.8,65.0,65.0,75.0,12,stable,none,50,42,8,68.0,0,-0.98,3.41,4.16,3.67,0.976,0.984,0.468,11.4,-1.29,5.78,,On Installment (Overdue),No Scholarship,Active Loan (No Stress Flagged),<2.5 LPA,No,0.2009,financial,1,Backlog / Academic-Probation Risk,financial
S00474,8.58,1,10,SBST-BIOTECH,91.4,Management Quota,General,Karnataka,ICSE,DayScholar,52.3,47.7,65.0,65.0,75.0,10,declining,early,50,11,39,90.0,0,-0.84,2.69,1.59,3.84,0.803,0.691,0.46,6.64,-1.23,2.63,,Fully Paid,No Scholarship,No Loan,<2.5 LPA,No,0.0539,attendance,0,No Risk,none
S00475,7.99,1,14,SCOPE-CSE,84.7,Government Quota,OBC,Bihar,CBSE,DayScholar,77.2,74.0,65.0,65.0,75.0,3,recovering,none,50,46,4,80.0,0,0.66,3.38,,2.02,0.624,0.395,0.456,7.18,-1.0,3.67,,Fully Paid,Merit-Based,No Loan,2.5-8 LPA,No,0.052,pedagogy,0,No Risk,none
S00476,8.38,0,0,SMEC-MECH,72.4,Management Quota,EWS,West Bengal,CBSE,Hosteller,95.7,84.6,65.0,65.0,75.0,5,stable,none,50,28,22,98.0,0,0.87,4.4,5.0,3.02,0.731,0.754,0.523,11.87,0.19,4.22,0.0,Fully Paid,Sports-Cultural Quota,Active Loan (No Stress Flagged),<2.5 LPA,No,0.0541,financial,0,No Risk,none
S00477,8.15,0,0,SCE-CIVIL,99.9,Government Quota,General,Uttar Pradesh,CBSE,Hosteller,84.0,80.4,65.0,65.0,75.0,1,stable,none,50,43,7,86.0,0,0.29,3.73,,3.72,0.885,0.889,0.412,5.72,-1.77,6.53,0.0,Fully Paid,No Scholarship,No Loan,2.5-8 LPA,No,0.0948,behavioural,0,No Risk,none
S00478,5.64,1,4,SCOPE-CSE,69.9,Government Quota,OBC,Bihar,CBSE,DayScholar,73.0,54.4,65.0,65.0,75.0,5,stable,none,50,22,28,88.0,0,0.02,4.4,3.36,2.92,0.708,0.807,0.363,5.03,1.0,1.51,,On Installment (On-Time),No Scholarship,Active Loan (No Stress Flagged),2.5-8 LPA,No,0.1129,financial,0,No Risk,none
S00479,9.45,0,0,SMEC-MECH,80.5,Management Quota,General,Maharashtra,ICSE,Hosteller,60.2,53.9,65.0,65.0,75.0,8,stable,none,50,21,29,84.0,0,-0.43,3.11,4.22,2.35,0.905,0.945,0.496,9.97,-0.34,3.55,3.0,On Installment (On-Time),Category-Based,Active Loan (Repayment Stress Flagged),<2.5 LPA,Yes,0.1542,financial,0,No Risk,none
S00480,7.62,0,0,SBST-BIOTECH,71.0,Management Quota,OBC,West Bengal,CBSE,Hosteller,80.4,65.2,65.0,65.0,75.0,4,recovering,none,50,27,23,90.0,0,-0.09,4.91,2.54,4.22,0.69,0.854,0.601,13.73,-0.59,5.03,2.0,Fully Paid,No Scholarship,No Loan,2.5-8 LPA,Yes,0.0261,behavioural,0,No Risk,none
S00481,8.61,1,28,SBST-BIOTECH,90.9,Government Quota,General,Karnataka,CBSE,DayScholar,81.8,80.1,65.0,65.0,75.0,0,stable,none,50,17,33,94.0,0,-0.13,3.0,1.59,1.6,1.0,1.0,0.229,7.77,0.78,2.44,,On Installment (Overdue),Category-Based,Active Loan (No Stress Flagged),<2.5 LPA,Yes,0.1551,financial,0,No Risk,none
S00482,6.26,0,0,SCE-CIVIL,62.9,Management Quota,EWS,Kerala,State Board,Hosteller,78.2,73.1,65.0,65.0,75.0,1,recovering,none,50,26,24,88.0,0,-0.99,3.88,,1.96,0.468,0.42,0.589,13.64,1.54,0.0,1.0,Fully Paid,No Scholarship,No Loan,2.5-8 LPA,Yes,0.0639,pedagogy,0,No Risk,none
S00483,6.37,1,2,SENSE-ECE,72.2,Management Quota,General,Uttar Pradesh,CBSE,DayScholar,82.3,78.7,65.0,65.0,75.0,1,declining,late,50,9,41,96.0,0,-1.0,3.38,4.89,3.24,0.728,0.571,0.48,6.96,2.38,1.67,,On Installment (On-Time),No Scholarship,No Loan,<2.5 LPA,No,0.0,academic,0,No Risk,none
S00484,7.81,1,7,SCE-CIVIL,66.5,Government Quota,General,Karnataka,CBSE,Hosteller,88.2,82.6,65.0,65.0,75.0,0,recovering,none,50,21,29,96.0,0,-0.42,5.0,2.28,4.72,0.77,0.863,0.428,8.13,0.33,0.4,2.0,Fully Paid,Merit-Based,No Loan,<2.5 LPA,Yes,0.0084,visual_engagement,0,No Risk,none
S00485,7.31,1,28,SMEC-MECH,70.8,Government Quota,General,Bihar,CBSE,Hosteller,100.0,96.0,65.0,65.0,75.0,3,stable,none,50,35,15,100.0,0,0.78,5.0,,3.75,0.764,0.964,0.966,14.06,-0.34,4.06,0.0,Fully Paid,Merit-Based,Active Loan (Repayment Stress Flagged),<2.5 LPA,No,0.0976,financial,0,No Risk,none
S00486,7.21,1,9,SENSE-ECE,93.0,Management Quota,General,Other,CBSE,Hosteller,73.5,62.7,65.0,65.0,75.0,7,recovering,none,50,21,29,88.0,0,-0.28,2.48,2.54,4.26,0.756,0.723,0.311,8.38,0.64,4.01,0.0,Fully Paid,Sports-Cultural Quota,No Loan,2.5-8 LPA,No,0.0714,visual_engagement,0,No Risk,none
S00487,7.18,1,16,SENSE-ECE,89.8,Government Quota,OBC,Andhra Pradesh,CBSE,Hosteller,65.8,57.0,65.0,65.0,75.0,4,declining,late,50,28,22,80.0,0,-0.15,3.47,4.66,3.66,0.735,0.788,0.417,8.26,-0.94,5.06,3.0,Fully Paid,Merit-Based,Active Loan (Repayment Stress Flagged),2.5-8 LPA,No,0.0545,financial,0,No Risk,none
S00488,7.71,0,0,SCOPE-CSE,63.7,Management Quota,OBC,West Bengal,CBSE,Hosteller,87.0,77.3,65.0,65.0,75.0,1,stable,none,50,27,23,92.0,0,0.89,2.66,1.99,3.03,0.822,1.0,0.596,9.84,0.76,4.39,2.0,Fully Paid,Merit-Based,Active Loan (Repayment Stress Flagged),>8 LPA,No,0.084,financial,0,No Risk,none
S00489,8.21,0,0,SCOPE-CSE,89.7,Government Quota,OBC,West Bengal,CBSE,DayScholar,79.1,76.0,65.0,65.0,75.0,1,stable,none,50,20,30,92.0,0,0.3,4.15,3.52,4.09,0.908,1.0,0.452,6.88,-1.9,5.18,,Fully Paid,No Scholarship,No Loan,<2.5 LPA,No,0.0539,behavioural,0,No Risk,none
S00490,9.44,0,0,SCOPE-CSE,84.9,Government Quota,EWS,Tamil Nadu,ICSE,Hosteller,93.4,89.7,65.0,65.0,75.0,11,stable,none,50,43,7,94.0,0,-0.23,2.83,,2.58,0.877,0.873,0.535,10.86,0.18,2.64,1.0,On Installment (On-Time),Merit-Based,Active Loan (Repayment Stress Flagged),2.5-8 LPA,No,0.1203,financial,0,No Risk,none
S00491,7.74,0,0,SBST-BIOTECH,63.7,Government Quota,General,Maharashtra,ICSE,Hosteller,79.5,77.7,65.0,65.0,75.0,1,stable,none,50,38,12,84.0,0,0.53,4.3,3.72,3.23,0.512,0.556,0.45,6.88,-0.67,3.27,0.0,Fully Paid,No Scholarship,No Loan,2.5-8 LPA,Yes,0.0122,behavioural,0,No Risk,none
S00492,7.07,2,1,SCE-CIVIL,60.2,Management Quota,General,Other,CBSE,Hosteller,86.8,76.5,65.0,65.0,75.0,1,stable,none,50,16,34,96.0,0,-0.73,3.57,2.72,3.28,0.849,0.989,0.452,15.23,0.05,3.48,3.0,On Installment (On-Time),No Scholarship,No Loan,<2.5 LPA,No,0.0323,academic,0,No Risk,none
S00493,7.9,0,0,SENSE-ECE,98.5,Government Quota,General,Tamil Nadu,CBSE,Hosteller,83.3,82.8,65.0,65.0,75.0,0,stable,none,50,12,38,96.0,0,-0.42,2.51,5.0,5.0,0.888,0.837,0.525,11.22,-0.52,5.64,0.0,Fully Paid,No Scholarship,Active Loan (No Stress Flagged),2.5-8 LPA,No,0.0016,financial,0,No Risk,none
S00494,5.51,5,3,SCE-CIVIL,54.5,Government Quota,EWS,Andhra Pradesh,International,DayScholar,70.2,66.2,65.0,65.0,75.0,5,stable,none,50,38,12,78.0,0,0.43,3.08,2.25,3.51,0.984,0.737,0.43,8.31,0.07,2.59,,On Installment (On-Time),Category-Based,No Loan,>8 LPA,Yes,0.1141,academic,0,No Risk,none
S00495,7.64,0,0,SBST-BIOTECH,65.0,Government Quota,General,Maharashtra,CBSE,Hosteller,87.7,84.0,65.0,65.0,75.0,0,stable,none,50,19,31,96.0,0,-0.57,2.95,3.38,2.3,0.76,0.643,0.654,12.48,-0.12,3.54,2.0,Fully Paid,Category-Based,No Loan,<2.5 LPA,Yes,0.0767,pedagogy,0,No Risk,none
S00496,9.24,0,0,SMEC-MECH,91.6,Management Quota,OBC,Other,CBSE,Hosteller,78.1,77.4,65.0,65.0,75.0,9,stable,none,50,6,44,98.0,0,0.37,3.25,5.0,3.91,0.807,0.765,0.307,9.87,-1.15,2.34,0.0,On Installment (On-Time),Category-Based,No Loan,<2.5 LPA,No,0.0345,visual_engagement,0,No Risk,none
S00497,5.77,1,9,SCE-CIVIL,53.3,Government Quota,OBC,Kerala,CBSE,Hosteller,82.6,39.1,65.0,65.0,75.0,7,stable,none,50,47,3,84.0,0,0.2,4.56,3.26,3.06,0.628,0.867,0.556,6.69,-1.36,6.29,0.0,Fully Paid,No Scholarship,No Loan,2.5-8 LPA,No,0.0268,behavioural,0,No Risk,none
S00498,4.32,5,6,SENSE-ECE,65.4,Management Quota,General,Maharashtra,CBSE,Hosteller,40.9,37.8,65.0,65.0,75.0,7,stable,none,50,42,8,50.0,1,0.97,2.81,1.89,5.0,0.215,0.212,0.0,7.38,-0.13,5.27,2.0,On Installment (On-Time),Category-Based,No Loan,<2.5 LPA,No,0.4144,attendance,3,Withdrawal / Discontinuation Risk,academic
S00499,7.0,2,2,SBST-BIOTECH,61.5,Management Quota,General,Delhi-NCR,ICSE,Hosteller,60.0,59.6,65.0,65.0,75.0,6,recovering,none,50,33,17,74.0,0,0.93,4.49,1.0,3.8,0.567,0.704,0.414,12.34,1.64,5.47,2.0,On Installment (On-Time),Merit-Based,No Loan,2.5-8 LPA,No,0.1321,attendance,0,No Risk,none
S00500,4.97,2,16,SCOPE-CSE,38.3,Management Quota,General,West Bengal,CBSE,Hosteller,60.7,53.6,65.0,65.0,75.0,5,declining,early,50,21,29,84.0,0,-0.74,4.13,1.36,3.75,0.205,0.325,0.119,13.06,0.11,2.07,2.0,Fully Paid,No Scholarship,No Loan,<2.5 LPA,Yes,0.2514,diagnostic,2,Attendance-Debarment Risk,pedagogical
S00501,5.05,3,19,SMEC-MECH,61.8,Government Quota,ST,Kerala,ICSE,Hosteller,79.0,62.4,65.0,65.0,75.0,7,recovering,none,50,14,36,94.0,0,0.05,4.84,,4.56,0.748,0.818,0.449,11.6,0.11,0.0,0.0,On Installment (On-Time),No Scholarship,Active Loan (No Stress Flagged),<2.5 LPA,No,0.0316,academic,0,No Risk,none
S00502,8.44,0,0,SCE-CIVIL,93.6,Government Quota,General,West Bengal,State Board,Hosteller,51.4,51.0,65.0,65.0,75.0,5,stable,none,50,19,31,82.0,0,0.48,3.18,4.88,3.48,1.0,0.859,0.021,12.96,-0.92,7.09,3.0,On Installment (Overdue),No Scholarship,Active Loan (Repayment Stress Flagged),2.5-8 LPA,Yes,0.3385,financial,3,Withdrawal / Discontinuation Risk,financial
S00503,7.76,0,0,SMEC-MECH,82.0,Management Quota,General,Maharashtra,CBSE,DayScholar,95.7,93.2,65.0,65.0,75.0,0,declining,early,50,46,4,96.0,0,-0.02,2.95,2.11,4.27,0.478,0.505,0.662,8.38,0.29,2.84,,Fully Paid,Institutional Need-Based,No Loan,<2.5 LPA,Yes,0.021,diagnostic,0,No Risk,none
S00504,8.23,0,0,SBST-BIOTECH,72.4,Management Quota,General,Maharashtra,ICSE,DayScholar,99.8,95.2,65.0,65.0,75.0,0,recovering,none,50,27,23,100.0,0,-0.22,4.28,3.22,5.0,0.794,0.718,0.491,4.94,-0.51,2.54,,Fully Paid,Category-Based,No Loan,2.5-8 LPA,Yes,0.0966,behavioural,0,No Risk,none
S00505,6.36,4,19,SBST-BIOTECH,52.0,Government Quota,General,Kerala,State Board,Hosteller,78.8,64.8,65.0,65.0,75.0,4,declining,late,50,16,34,94.0,0,0.28,3.9,5.0,3.82,1.0,1.0,0.603,5.82,1.7,1.59,1.0,Fee Due >30 Days,Institutional Need-Based,No Loan,2.5-8 LPA,No,0.063,financial,0,No Risk,none
S00506,7.77,0,0,SBST-BIOTECH,91.4,Management Quota,SC,Other,CBSE,DayScholar,95.1,89.5,65.0,65.0,75.0,1,stable,none,50,7,43,100.0,0,-1.0,4.05,4.72,3.91,1.0,1.0,0.615,7.6,0.14,2.94,,Fully Paid,Category-Based,Active Loan (No Stress Flagged),2.5-8 LPA,No,0.0149,financial,0,No Risk,none
S00507,6.66,0,0,SMEC-MECH,78.1,Management Quota,SC,Andhra Pradesh,CBSE,DayScholar,81.5,81.0,65.0,65.0,75.0,1,stable,none,50,10,40,96.0,0,-0.2,2.73,4.11,3.51,0.817,0.783,0.53,11.12,0.19,6.23,,On Installment (Overdue),No Scholarship,No Loan,<2.5 LPA,Yes,0.0073,financial,0,No Risk,none
S00508,6.28,0,0,SENSE-ECE,37.6,Government Quota,General,Bihar,CBSE,DayScholar,69.4,48.1,65.0,65.0,75.0,12,declining,early,50,20,30,88.0,0,0.54,3.35,,2.57,0.603,0.523,0.604,6.09,-0.3,0.0,,On Installment (On-Time),Category-Based,No Loan,2.5-8 LPA,No,0.0361,attendance,0,No Risk,none
S00509,9.13,0,0,SMEC-MECH,99.9,Management Quota,General,Kerala,CBSE,Hosteller,84.3,61.9,65.0,65.0,75.0,5,stable,none,50,31,19,90.0,0,0.48,5.0,1.0,2.29,0.973,1.0,0.542,8.41,0.84,2.0,0.0,On Installment (On-Time),No Scholarship,Active Loan (No Stress Flagged),<2.5 LPA,Yes,0.1449,financial,0,No Risk,none
S00510,5.64,3,5,SCE-CIVIL,63.2,Management Quota,General,Other,State Board,Hosteller,66.3,56.6,65.0,65.0,75.0,5,stable,none,50,5,45,96.0,0,-0.31,4.63,4.5,3.58,0.496,0.576,0.312,12.9,1.3,2.82,1.0,On Installment (On-Time),No Scholarship,No Loan,2.5-8 LPA,No,0.0135,visual_engagement,0,No Risk,none
S00511,7.17,0,0,SBST-BIOTECH,79.7,Management Quota,General,Delhi-NCR,CBSE,Hosteller,83.0,80.6,65.0,65.0,75.0,0,stable,none,50,22,28,92.0,0,0.48,4.22,,3.67,0.721,0.802,0.459,8.52,-0.08,0.0,1.0,Fully Paid,No Scholarship,Active Loan (No Stress Flagged),2.5-8 LPA,Yes,0.1281,financial,0,No Risk,none
S00512,8.95,0,0,SCOPE-CSE,68.6,Management Quota,General,Maharashtra,CBSE,Hosteller,87.5,86.1,65.0,65.0,75.0,2,stable,none,50,47,3,88.0,0,0.86,3.01,3.69,4.6,1.0,0.754,0.649,8.97,1.07,4.18,1.0,Fully Paid,No Scholarship,No Loan,<2.5 LPA,Yes,0.0135,behavioural,0,No Risk,none
S00513,7.96,0,0,SCE-CIVIL,83.0,Government Quota,General,Tamil Nadu,State Board,Hosteller,88.4,80.4,65.0,65.0,75.0,0,recovering,none,50,14,36,96.0,0,-1.0,3.01,,3.91,1.0,1.0,0.62,9.24,-1.06,2.05,2.0,Fully Paid,Institutional Need-Based,No Loan,<2.5 LPA,No,0.0457,behavioural,0,No Risk,none
S00514,7.38,0,0,SMEC-MECH,74.4,Government Quota,OBC,Other,CBSE,DayScholar,85.1,77.7,65.0,65.0,75.0,0,stable,none,50,14,36,96.0,0,-1.0,4.84,3.51,4.54,0.986,1.0,0.58,5.87,-2.13,4.76,,Fully Paid,No Scholarship,Active Loan (No Stress Flagged),2.5-8 LPA,No,0.1121,behavioural,0,No Risk,none
S00515,9.42,0,0,SENSE-ECE,71.6,Management Quota,OBC,West Bengal,CBSE,DayScholar,76.9,69.4,65.0,65.0,75.0,8,stable,none,50,24,26,88.0,0,0.23,3.94,3.09,4.58,1.0,1.0,0.513,14.06,-0.52,2.6,,Fully Paid,Institutional Need-Based,Active Loan (No Stress Flagged),2.5-8 LPA,No,0.1882,financial,1,Backlog / Academic-Probation Risk,financial
S00516,7.57,1,20,SCE-CIVIL,86.4,Government Quota,OBC,Andhra Pradesh,CBSE,Hosteller,61.1,59.8,65.0,65.0,75.0,8,declining,late,50,35,15,72.0,0,0.33,3.64,1.0,2.56,1.0,1.0,0.279,6.63,0.18,3.88,4.0,Fee Due >30 Days,No Scholarship,No Loan,>8 LPA,No,0.191,financial,1,Backlog / Academic-Probation Risk,financial
S00517,8.44,0,0,SENSE-ECE,81.0,Government Quota,General,Maharashtra,ICSE,Hosteller,71.2,56.1,65.0,65.0,75.0,4,recovering,none,50,15,35,92.0,0,-0.34,3.56,3.91,3.87,0.823,0.732,0.359,8.13,-0.39,4.38,2.0,Fully Paid,No Scholarship,Active Loan (No Stress Flagged),<2.5 LPA,Yes,0.0769,financial,0,No Risk,none
S00518,8.24,0,0,SCOPE-CSE,86.2,Government Quota,General,Other,CBSE,Hosteller,71.9,70.9,65.0,65.0,75.0,7,declining,late,50,11,39,94.0,0,-0.49,3.21,,2.08,0.94,0.928,0.493,10.86,0.45,0.0,0.0,On Installment (On-Time),Institutional Need-Based,No Loan,2.5-8 LPA,No,0.0381,pedagogy,0,No Risk,none
S00519,9.57,0,0,SENSE-ECE,99.1,Government Quota,OBC,Karnataka,CBSE,Hosteller,85.2,84.3,65.0,65.0,75.0,2,stable,none,50,28,22,92.0,0,0.3,1.01,3.29,3.04,0.762,0.612,0.592,9.74,-0.04,4.46,0.0,On Installment (On-Time),No Scholarship,No Loan,2.5-8 LPA,No,0.0567,pedagogy,0,No Risk,none
S00520,8.91,0,0,SENSE-ECE,84.0,Government Quota,OBC,Tamil Nadu,State Board,Hosteller,60.8,56.9,65.0,65.0,75.0,4,stable,none,50,9,41,92.0,0,-1.0,3.6,,3.54,0.921,0.902,0.526,11.77,1.11,4.84,5.0,Fee Due >30 Days,No Scholarship,No Loan,2.5-8 LPA,No,0.112,financial,0,No Risk,none
S00521,6.94,1,17,SCE-CIVIL,65.0,Management Quota,ST,Tamil Nadu,State Board,Hosteller,72.0,68.0,65.0,65.0,75.0,4,recovering,none,50,45,5,74.0,0,-0.34,3.15,4.67,2.47,0.735,0.736,0.428,10.23,-0.04,4.59,2.0,Fully Paid,Institutional Need-Based,No Loan,2.5-8 LPA,No,0.0,pedagogy,0,No Risk,none
S00522,8.51,1,42,SENSE-ECE,99.7,Government Quota,General,Andhra Pradesh,CBSE,DayScholar,75.5,72.5,65.0,65.0,75.0,0,recovering,none,50,15,35,92.0,0,-0.83,2.4,3.67,3.22,0.926,0.891,0.441,16.74,-0.63,6.28,,Fully Paid,No Scholarship,Active Loan (Repayment Stress Flagged),>8 LPA,No,0.0415,financial,0,No Risk,none
S00523,8.97,0,0,SBST-BIOTECH,86.3,Management Quota,EWS,West Bengal,CBSE,Hosteller,85.4,71.5,65.0,65.0,75.0,2,stable,none,50,37,13,90.0,0,0.32,4.01,3.91,2.55,0.76,0.806,0.552,8.43,0.14,4.82,2.0,On Installment (On-Time),Institutional Need-Based,Active Loan (No Stress Flagged),2.5-8 LPA,Yes,0.0601,financial,0,No Risk,none
S00524,6.87,1,3,SCE-CIVIL,82.2,Management Quota,General,Other,State Board,Hosteller,96.6,79.9,65.0,65.0,75.0,0,stable,none,50,39,11,98.0,0,1.0,5.0,,3.58,0.793,0.937,0.848,13.42,0.17,7.55,1.0,On Installment (On-Time),No Scholarship,No Loan,2.5-8 LPA,No,0.0011,academic,0,No Risk,none
S00525,7.24,3,3,SCOPE-CSE,55.2,Government Quota,OBC,West Bengal,International,Hosteller,70.8,69.1,65.0,65.0,75.0,4,stable,none,50,32,18,82.0,0,-1.0,3.3,2.46,4.32,0.752,0.748,0.516,10.54,0.72,5.03,0.0,On Installment (Overdue),Institutional Need-Based,No Loan,<2.5 LPA,No,0.1626,financial,0,No Risk,none
S00526,7.11,0,0,SENSE-ECE,89.5,Management Quota,General,Kerala,CBSE,Hosteller,77.8,58.5,65.0,65.0,75.0,4,stable,none,50,46,4,80.0,0,-1.0,3.6,4.18,2.71,0.528,0.64,0.545,10.7,2.09,4.27,2.0,Fully Paid,No Scholarship,No Loan,2.5-8 LPA,No,0.0,pedagogy,0,No Risk,none
S00527,7.65,0,0,SCE-CIVIL,71.7,Government Quota,OBC,Kerala,CBSE,Hosteller,75.1,73.2,65.0,65.0,75.0,2,stable,none,50,33,17,84.0,0,1.0,4.63,4.81,4.96,0.592,0.738,0.597,14.2,-0.87,4.31,0.0,Fully Paid,No Scholarship,No Loan,2.5-8 LPA,Yes,0.0171,behavioural,0,No Risk,none
S00528,8.03,0,0,SCE-CIVIL,76.5,Management Quota,OBC,Maharashtra,State Board,Hosteller,91.1,76.2,65.0,65.0,75.0,0,stable,none,50,47,3,92.0,0,-0.48,2.86,1.9,3.81,0.96,0.883,0.664,8.11,-1.12,7.11,2.0,Fully Paid,No Scholarship,No Loan,2.5-8 LPA,No,0.085,behavioural,0,No Risk,none
S00529,7.75,0,0,SMEC-MECH,87.0,Management Quota,SC,Andhra Pradesh,State Board,DayScholar,66.9,57.2,65.0,65.0,75.0,5,stable,none,50,37,13,76.0,0,0.77,3.96,3.6,4.02,0.523,0.678,0.27,8.67,0.24,2.85,,Fully Paid,Category-Based,No Loan,2.5-8 LPA,No,0.108,visual_engagement,0,No Risk,none
S00530,8.61,0,0,SENSE-ECE,64.4,Government Quota,General,Kerala,State Board,Hosteller,94.3,93.1,65.0,65.0,75.0,1,stable,none,50,18,32,98.0,0,0.43,3.34,2.1,4.06,0.951,0.992,0.596,9.43,-0.43,0.0,3.0,Fee Due >30 Days,No Scholarship,Active Loan (Repayment Stress Flagged),<2.5 LPA,No,0.0539,financial,0,No Risk,none
S00531,8.24,0,0,SMEC-MECH,84.0,Government Quota,OBC,West Bengal,State Board,DayScholar,100.0,89.7,65.0,65.0,75.0,1,stable,none,50,32,18,100.0,0,-0.88,3.85,2.56,1.76,0.522,0.498,0.681,8.45,-0.78,4.14,,Fully Paid,No Scholarship,No Loan,<2.5 LPA,No,0.0057,pedagogy,0,No Risk,none
S00532,5.22,5,20,SCOPE-CSE,44.2,Management Quota,General,West Bengal,State Board,Hosteller,59.9,42.6,65.0,65.0,75.0,4,stable,none,50,15,35,88.0,0,-0.23,3.19,4.38,3.54,0.288,0.216,0.173,7.61,-0.21,6.21,2.0,Fully Paid,Sports-Cultural Quota,Active Loan (Repayment Stress Flagged),<2.5 LPA,No,0.2447,visual_engagement,2,Attendance-Debarment Risk,pedagogical
S00533,6.68,1,2,SMEC-MECH,72.4,Government Quota,General,Uttar Pradesh,CBSE,DayScholar,56.2,52.8,65.0,65.0,75.0,4,declining,late,50,17,33,86.0,0,0.4,5.0,4.1,4.37,0.746,0.745,0.134,9.79,-0.01,1.88,,Fully Paid,Category-Based,Active Loan (No Stress Flagged),2.5-8 LPA,No,0.196,visual_engagement,1,Backlog / Academic-Probation Risk,pedagogical
S00534,7.95,0,0,SCOPE-CSE,97.4,Management Quota,General,Andhra Pradesh,CBSE,Hosteller,87.9,85.6,65.0,65.0,75.0,2,stable,none,50,37,13,92.0,0,-0.91,3.89,3.53,3.83,1.0,1.0,0.505,12.03,-0.93,4.83,0.0,On Installment (Overdue),No Scholarship,No Loan,2.5-8 LPA,No,0.1548,financial,0,No Risk,none
S00535,6.73,2,1,SENSE-ECE,65.4,Management Quota,General,Andhra Pradesh,International,Hosteller,74.1,68.0,65.0,65.0,75.0,7,stable,none,50,44,6,78.0,0,0.29,3.27,3.84,2.34,0.51,0.5,0.348,6.36,1.6,0.0,0.0,Fee Due >30 Days,No Scholarship,Active Loan (No Stress Flagged),>8 LPA,No,0.1631,financial,0,No Risk,none
S00536,6.68,2,1,SBST-BIOTECH,72.7,Management Quota,General,Karnataka,CBSE,Hosteller,100.0,89.0,65.0,65.0,75.0,7,recovering,none,50,6,44,100.0,0,0.24,3.5,4.13,2.93,0.461,0.522,0.617,7.23,-0.24,2.26,0.0,Fully Paid,Institutional Need-Based,No Loan,2.5-8 LPA,No,0.0687,academic,0,No Risk,none
S00537,9.06,0,0,SENSE-ECE,87.7,Management Quota,General,Kerala,State Board,DayScholar,62.6,59.5,65.0,65.0,75.0,5,stable,none,50,8,42,94.0,0,-0.84,4.25,2.0,3.32,0.957,1.0,0.12,10.39,0.54,6.16,,Fully Paid,No Scholarship,No Loan,2.5-8 LPA,Yes,0.0345,visual_engagement,0,No Risk,none
S00538,7.26,0,0,SENSE-ECE,81.0,Management Quota,General,Tamil Nadu,CBSE,DayScholar,92.6,79.3,65.0,65.0,75.0,2,stable,none,50,45,5,94.0,0,0.66,4.22,3.22,2.32,0.602,0.81,0.581,15.68,-1.51,0.83,,Fully Paid,Merit-Based,Active Loan (Repayment Stress Flagged),<2.5 LPA,No,0.1158,behavioural,0,No Risk,none
S00539,9.37,0,0,SMEC-MECH,84.6,Government Quota,General,Other,CBSE,DayScholar,56.7,42.7,65.0,65.0,75.0,7,stable,none,50,18,32,84.0,0,-0.14,4.9,3.39,4.55,0.69,0.776,0.283,11.81,-1.82,2.48,,Fully Paid,No Scholarship,Active Loan (Repayment Stress Flagged),<2.5 LPA,No,0.1623,behavioural,0,No Risk,none
S00540,8.27,0,0,SENSE-ECE,77.2,Management Quota,EWS,Tamil Nadu,State Board,DayScholar,88.4,87.3,65.0,65.0,75.0,2,stable,none,50,33,17,92.0,0,1.0,1.82,5.0,3.97,0.916,0.832,0.585,12.09,0.53,4.44,,Fully Paid,Merit-Based,Active Loan (No Stress Flagged),>8 LPA,No,0.0859,pedagogy,0,No Risk,none
S00541,8.12,0,0,SMEC-MECH,97.5,Management Quota,General,Maharashtra,State Board,Hosteller,99.8,87.8,65.0,65.0,75.0,1,stable,none,50,26,24,100.0,0,0.09,5.0,4.24,3.92,0.787,0.909,0.908,11.66,0.61,6.2,1.0,Fully Paid,Institutional Need-Based,No Loan,<2.5 LPA,Yes,0.0085,behavioural,0,No Risk,none
S00542,6.21,1,3,SENSE-ECE,65.3,Government Quota,General,Tamil Nadu,State Board,Hosteller,86.7,81.9,65.0,65.0,75.0,1,stable,none,50,26,24,94.0,0,-0.61,3.73,2.24,1.81,0.531,0.644,0.526,8.81,0.81,1.39,0.0,On Installment (On-Time),Merit-Based,No Loan,>8 LPA,Yes,0.0,pedagogy,0,No Risk,none
S00543,8.46,0,0,SBST-BIOTECH,71.3,Government Quota,SC,Karnataka,State Board,DayScholar,62.6,61.9,65.0,65.0,75.0,10,stable,none,50,30,20,78.0,0,-0.56,3.11,4.06,3.94,0.453,0.484,0.117,8.98,-0.21,2.3,,On Installment (On-Time),Merit-Based,No Loan,>8 LPA,No,0.0985,visual_engagement,0,No Risk,none
S00544,7.51,0,0,SCOPE-CSE,95.2,Government Quota,OBC,Delhi-NCR,CBSE,Hosteller,80.1,76.1,65.0,65.0,75.0,5,stable,none,50,28,22,88.0,0,0.68,3.17,3.07,4.86,0.768,0.778,0.446,8.45,0.14,4.64,1.0,Fully Paid,No Scholarship,No Loan,2.5-8 LPA,No,0.0,visual_engagement,0,No Risk,none
S00545,6.1,3,2,SENSE-ECE,67.6,Government Quota,General,Uttar Pradesh,CBSE,Hosteller,81.4,77.1,65.0,65.0,75.0,0,stable,none,50,28,22,90.0,0,0.83,3.67,5.0,3.98,0.581,0.546,0.674,9.12,0.32,4.35,0.0,On Installment (On-Time),No Scholarship,Active Loan (No Stress Flagged),>8 LPA,Yes,0.016,financial,0,No Risk,none
S00546,6.71,3,9,SBST-BIOTECH,79.6,Management Quota,General,Other,State Board,Hosteller,63.8,62.8,65.0,65.0,75.0,6,declining,late,50,45,5,68.0,0,-0.42,2.86,4.77,1.7,0.492,0.348,0.506,6.66,-0.03,0.0,3.0,Fully Paid,No Scholarship,Active Loan (No Stress Flagged),<2.5 LPA,No,0.1243,pedagogy,0,No Risk,none
S00547,8.07,0,0,SMEC-MECH,85.9,Management Quota,OBC,Bihar,State Board,Hosteller,73.1,57.8,65.0,65.0,75.0,4,declining,early,50,6,44,96.0,0,0.67,1.6,,4.07,0.889,0.714,0.498,13.98,-0.15,0.98,3.0,On Installment (On-Time),Institutional Need-Based,No Loan,2.5-8 LPA,No,0.0,pedagogy,0,No Risk,none
S00548,7.9,0,0,SBST-BIOTECH,92.9,Government Quota,OBC,Andhra Pradesh,ICSE,Hosteller,70.9,60.1,65.0,65.0,75.0,9,stable,none,50,43,7,74.0,0,0.88,3.84,,1.22,0.675,0.583,0.321,10.73,-0.02,6.72,1.0,Fully Paid,No Scholarship,Active Loan (No Stress Flagged),2.5-8 LPA,No,0.1194,pedagogy,0,No Risk,none
S00549,6.93,0,0,SMEC-MECH,60.0,Government Quota,OBC,West Bengal,State Board,Hosteller,87.2,80.9,65.0,65.0,75.0,1,stable,none,50,18,32,96.0,0,0.52,4.39,,4.6,0.953,0.974,0.75,9.22,0.92,4.42,1.0,On Installment (On-Time),Institutional Need-Based,Active Loan (No Stress Flagged),<2.5 LPA,No,0.1537,financial,0,No Risk,none
S00550,7.67,0,0,SCE-CIVIL,78.1,Government Quota,General,Uttar Pradesh,CBSE,Hosteller,60.9,51.9,65.0,65.0,75.0,5,stable,none,50,7,43,94.0,0,-0.91,2.89,4.36,5.0,0.755,0.627,0.405,7.68,-2.02,4.04,2.0,Fully Paid,Merit-Based,Active Loan (Repayment Stress Flagged),2.5-8 LPA,No,0.1758,behavioural,0,No Risk,none
S00551,7.61,1,1,SBST-BIOTECH,86.3,Government Quota,ST,Bihar,State Board,Hosteller,76.0,66.7,65.0,65.0,75.0,4,stable,none,50,47,3,78.0,0,-0.68,3.74,1.58,4.42,0.786,0.862,0.51,5.6,0.2,4.81,0.0,Fully Paid,No Scholarship,Active Loan (No Stress Flagged),2.5-8 LPA,No,0.1454,financial,0,No Risk,none
S00552,6.61,2,50,SCOPE-CSE,60.7,Management Quota,General,Karnataka,State Board,Hosteller,68.5,59.4,65.0,65.0,75.0,11,stable,none,50,14,36,92.0,0,0.22,2.89,,3.26,0.778,0.736,0.413,7.14,-1.04,3.34,2.0,Fully Paid,No Scholarship,No Loan,>8 LPA,No,0.125,behavioural,0,No Risk,none
S00553,8.36,0,0,SCE-CIVIL,77.2,Government Quota,General,Kerala,CBSE,Hosteller,77.7,68.7,65.0,65.0,75.0,4,stable,none,50,23,27,90.0,0,-1.0,2.91,4.11,5.0,0.941,0.836,0.465,10.54,-0.62,3.94,2.0,Fully Paid,Sports-Cultural Quota,Active Loan (No Stress Flagged),2.5-8 LPA,Yes,0.0,financial,0,No Risk,none
S00554,8.55,0,0,SCE-CIVIL,95.3,Management Quota,OBC,West Bengal,State Board,Hosteller,88.1,78.2,65.0,65.0,75.0,6,stable,none,50,13,37,96.0,0,-1.0,5.0,2.54,5.0,1.0,0.965,0.49,9.6,-1.17,2.81,0.0,Fee Due >30 Days,No Scholarship,Active Loan (Repayment Stress Flagged),2.5-8 LPA,No,0.2347,financial,1,Backlog / Academic-Probation Risk,financial
S00555,6.64,0,0,SMEC-MECH,57.3,Government Quota,SC,Kerala,CBSE,Hosteller,65.1,55.2,65.0,65.0,75.0,5,stable,none,50,30,20,80.0,0,0.43,2.4,4.29,3.23,0.807,0.741,0.351,10.47,1.29,5.61,2.0,On Installment (On-Time),Category-Based,No Loan,2.5-8 LPA,No,0.0791,visual_engagement,0,No Risk,none
S00556,7.75,0,0,SCE-CIVIL,77.9,Management Quota,EWS,Other,State Board,Hosteller,89.1,78.3,65.0,65.0,75.0,0,stable,none,50,30,20,94.0,0,-1.0,4.43,5.0,3.88,0.476,0.584,0.658,13.76,1.33,4.82,0.0,Fully Paid,Category-Based,No Loan,2.5-8 LPA,Yes,0.025,diagnostic,0,No Risk,none
S00557,6.57,2,2,SMEC-MECH,71.9,Government Quota,ST,Uttar Pradesh,State Board,Hosteller,100.0,77.9,65.0,65.0,75.0,2,declining,early,50,34,16,100.0,0,-0.29,2.84,2.03,4.22,0.838,0.804,0.698,5.62,-0.03,3.46,0.0,On Installment (On-Time),Merit-Based,Active Loan (No Stress Flagged),2.5-8 LPA,Yes,0.1128,financial,0,No Risk,none
S00558,9.93,0,0,SCOPE-CSE,99.9,Management Quota,OBC,Delhi-NCR,State Board,DayScholar,90.0,87.8,65.0,65.0,75.0,3,recovering,none,50,20,30,96.0,0,0.4,4.7,,3.32,0.969,1.0,0.565,12.25,-0.48,0.0,,On Installment (On-Time),No Scholarship,No Loan,<2.5 LPA,No,0.0833,behavioural,0,No Risk,none
S00559,7.23,1,12,SBST-BIOTECH,80.9,Management Quota,General,Uttar Pradesh,ICSE,Hosteller,94.6,91.2,65.0,65.0,75.0,0,stable,none,50,30,20,96.0,0,0.83,4.25,3.35,3.27,0.826,0.843,0.618,11.36,-0.87,1.85,1.0,Fully Paid,Institutional Need-Based,Active Loan (No Stress Flagged),2.5-8 LPA,Yes,0.2179,financial,1,Backlog / Academic-Probation Risk,financial
S00560,8.58,0,0,SENSE-ECE,81.8,Government Quota,SC,Kerala,ICSE,Hosteller,100.0,98.0,65.0,65.0,75.0,3,recovering,none,50,26,24,100.0,0,0.35,2.94,,3.82,0.641,0.563,0.522,11.87,1.08,0.56,0.0,On Installment (Overdue),Merit-Based,Active Loan (Repayment Stress Flagged),<2.5 LPA,No,0.1498,financial,0,No Risk,none
S00561,6.71,1,6,SCOPE-CSE,59.9,Government Quota,General,West Bengal,CBSE,DayScholar,70.8,63.1,65.0,65.0,75.0,5,declining,late,50,6,44,96.0,0,-0.39,1.58,2.68,3.46,0.822,0.787,0.522,9.58,-0.8,2.63,,Fully Paid,Institutional Need-Based,Active Loan (No Stress Flagged),2.5-8 LPA,Yes,0.2023,pedagogy,1,Backlog / Academic-Probation Risk,pedagogical
S00562,6.35,2,1,SCE-CIVIL,64.8,Management Quota,General,Tamil Nadu,State Board,Hosteller,79.3,74.8,65.0,65.0,75.0,0,stable,none,50,24,26,90.0,0,1.0,3.53,1.66,5.0,0.553,0.785,0.54,9.43,0.07,7.43,1.0,Fully Paid,No Scholarship,No Loan,2.5-8 LPA,No,0.0,academic,0,No Risk,none
S00563,8.42,1,6,SCOPE-CSE,80.7,Government Quota,OBC,Karnataka,CBSE,Hosteller,87.7,77.8,65.0,65.0,75.0,4,stable,none,50,12,38,98.0,0,-0.06,2.93,2.12,2.46,0.643,0.545,0.727,13.34,-0.17,3.99,0.0,On Installment (On-Time),No Scholarship,Active Loan (No Stress Flagged),2.5-8 LPA,No,0.0514,financial,0,No Risk,none
S00564,7.84,1,25,SENSE-ECE,76.5,Government Quota,General,Uttar Pradesh,ICSE,Hosteller,74.1,66.2,65.0,65.0,75.0,4,stable,none,50,39,11,80.0,0,1.0,3.89,3.84,1.5,0.76,0.718,0.469,7.13,0.51,4.96,2.0,Fully Paid,No Scholarship,Active Loan (Repayment Stress Flagged),>8 LPA,No,0.0045,pedagogy,0,No Risk,none
S00565,6.72,2,22,SBST-BIOTECH,63.4,Management Quota,SC,Other,State Board,DayScholar,81.3,72.7,65.0,65.0,75.0,0,recovering,none,50,33,17,88.0,0,0.41,4.13,3.67,3.49,0.349,0.483,0.572,6.05,0.18,4.3,,Fully Paid,Sports-Cultural Quota,Active Loan (Repayment Stress Flagged),2.5-8 LPA,No,0.079,diagnostic,0,No Risk,none
S00566,7.21,0,0,SCOPE-CSE,91.7,Management Quota,SC,Uttar Pradesh,State Board,Hosteller,81.1,80.6,65.0,65.0,75.0,5,stable,none,50,18,32,94.0,0,-1.0,2.83,,4.23,0.781,0.818,0.688,9.05,0.51,3.13,2.0,Fully Paid,Institutional Need-Based,Active Loan (Repayment Stress Flagged),2.5-8 LPA,No,0.0,financial,0,No Risk,none
S00567,8.33,0,0,SBST-BIOTECH,98.0,Government Quota,OBC,Kerala,State Board,Hosteller,81.8,79.0,65.0,65.0,75.0,3,recovering,none,50,39,11,86.0,0,0.58,2.86,2.65,3.3,0.818,0.79,0.394,12.32,1.23,0.0,1.0,Fully Paid,No Scholarship,Active Loan (Repayment Stress Flagged),2.5-8 LPA,Yes,0.0817,financial,0,No Risk,none
S00568,7.21,0,0,SCE-CIVIL,79.7,Management Quota,OBC,Karnataka,CBSE,Hosteller,96.2,88.9,65.0,65.0,75.0,1,recovering,none,50,42,8,96.0,0,-0.75,4.88,2.63,3.26,0.682,0.856,0.557,11.05,0.2,1.3,1.0,On Installment (On-Time),Category-Based,Active Loan (Repayment Stress Flagged),<2.5 LPA,No,0.195,financial,1,Backlog / Academic-Probation Risk,financial
S00569,6.65,2,11,SCOPE-CSE,56.1,Government Quota,General,Andhra Pradesh,ICSE,Hosteller,76.1,76.1,65.0,65.0,75.0,0,recovering,none,50,23,27,90.0,0,-0.69,4.13,3.96,4.58,0.596,0.587,0.258,2.94,-0.28,2.78,2.0,On Installment (On-Time),Institutional Need-Based,No Loan,<2.5 LPA,No,0.0586,visual_engagement,0,No Risk,none
S00570,9.43,0,0,SCOPE-CSE,91.4,Management Quota,OBC,Kerala,CBSE,Hosteller,94.0,87.2,65.0,65.0,75.0,0,stable,none,50,12,38,98.0,0,0.97,2.39,3.24,2.63,1.0,0.899,0.575,9.7,-1.59,0.0,2.0,On Installment (On-Time),Institutional Need-Based,Active Loan (No Stress Flagged),>8 LPA,No,0.0756,behavioural,0,No Risk,none
S00571,5.73,1,6,SCOPE-CSE,36.3,Government Quota,General,Karnataka,State Board,Hosteller,59.8,56.6,65.0,65.0,75.0,5,stable,none,50,24,26,80.0,0,-0.24,5.0,2.82,3.99,0.305,0.53,0.417,11.07,-3.0,2.48,3.0,On Installment (On-Time),Merit-Based,No Loan,<2.5 LPA,Yes,0.1389,behavioural,0,No Risk,none
S00572,9.25,0,0,SENSE-ECE,96.1,Management Quota,General,Karnataka,State Board,DayScholar,81.7,44.6,65.0,65.0,75.0,8,stable,none,50,5,45,98.0,0,-0.09,2.08,,5.0,0.878,0.909,0.799,12.59,-0.74,3.47,,On Installment (On-Time),Category-Based,No Loan,2.5-8 LPA,Yes,0.0,pedagogy,0,No Risk,none
S00573,3.59,3,1,SBST-BIOTECH,19.5,Government Quota,EWS,Karnataka,CBSE,Hosteller,60.5,58.8,65.0,65.0,75.0,7,declining,early,50,43,7,66.0,0,1.0,3.89,4.11,4.17,0.299,0.228,0.369,8.69,-1.22,3.51,2.0,Fully Paid,Merit-Based,No Loan,<2.5 LPA,No,0.1401,academic,0,No Risk,none
S00574,6.2,0,0,SMEC-MECH,61.4,Government Quota,General,Bihar,CBSE,Hosteller,73.6,66.7,65.0,65.0,75.0,6,stable,none,50,17,33,92.0,0,-0.82,3.61,4.92,2.25,0.392,0.429,0.569,11.08,0.58,0.28,1.0,Fully Paid,No Scholarship,No Loan,<2.5 LPA,No,0.0795,diagnostic,0,No Risk,none
S00575,9.37,0,0,SCOPE-CSE,99.9,Management Quota,General,Maharashtra,State Board,Hosteller,81.7,80.7,65.0,65.0,75.0,0,stable,none,50,31,19,88.0,0,-0.9,3.85,,3.47,0.82,0.847,0.403,12.43,0.47,2.96,1.0,Fee Due >30 Days,No Scholarship,Active Loan (No Stress Flagged),2.5-8 LPA,Yes,0.174,financial,0,No Risk,none
S00576,8.34,0,0,SENSE-ECE,82.5,Management Quota,General,Kerala,State Board,Hosteller,93.1,91.5,65.0,65.0,75.0,2,stable,none,50,29,21,96.0,0,1.0,3.95,,1.09,0.98,1.0,0.649,7.94,0.87,2.49,1.0,Fully Paid,No Scholarship,No Loan,<2.5 LPA,No,0.0,pedagogy,0,No Risk,none
S00577,8.38,0,0,SCE-CIVIL,88.3,Government Quota,General,Bihar,CBSE,Hosteller,82.4,64.3,65.0,65.0,75.0,11,declining,late,50,41,9,86.0,0,0.17,4.88,2.13,4.5,0.791,0.676,0.646,7.16,1.68,5.3,0.0,Fully Paid,Merit-Based,No Loan,>8 LPA,No,0.0559,attendance,0,No Risk,none
S00578,5.32,5,1,SMEC-MECH,61.0,Government Quota,OBC,Bihar,International,Hosteller,71.8,45.3,65.0,65.0,75.0,4,stable,none,50,39,11,78.0,0,-0.09,4.27,3.33,4.61,0.5,0.485,0.261,5.98,-0.97,7.02,3.0,Fully Paid,Merit-Based,Active Loan (No Stress Flagged),<2.5 LPA,Yes,0.2797,academic,2,Attendance-Debarment Risk,academic
S00579,7.11,0,0,SENSE-ECE,75.0,Government Quota,EWS,Tamil Nadu,International,DayScholar,100.0,82.1,65.0,65.0,75.0,1,recovering,none,50,29,21,100.0,0,-0.09,2.03,1.98,2.01,1.0,0.916,0.721,9.72,-0.35,1.32,,On Installment (Overdue),No Scholarship,No Loan,<2.5 LPA,Yes,0.1661,pedagogy,0,No Risk,none
S00580,7.08,2,3,SBST-BIOTECH,65.6,Management Quota,OBC,West Bengal,CBSE,Hosteller,67.5,62.4,65.0,65.0,75.0,4,recovering,none,50,14,36,90.0,0,0.1,1.9,4.45,5.0,0.967,0.877,0.271,0.97,-0.51,6.53,1.0,Fee Due >30 Days,Institutional Need-Based,No Loan,>8 LPA,No,0.2514,financial,2,Attendance-Debarment Risk,financial
S00581,8.63,0,0,SMEC-MECH,71.1,Management Quota,EWS,Delhi-NCR,International,Hosteller,88.8,87.4,65.0,65.0,75.0,2,recovering,none,50,24,26,94.0,0,0.66,2.51,4.02,2.56,0.981,0.906,0.519,12.12,-0.94,1.23,0.0,Fully Paid,Institutional Need-Based,No Loan,>8 LPA,No,0.0937,pedagogy,0,No Risk,none
S00582,5.73,0,0,SCE-CIVIL,62.1,Management Quota,General,Bihar,International,DayScholar,94.3,88.3,65.0,65.0,75.0,4,declining,late,50,14,36,98.0,0,-0.62,2.07,,3.48,0.475,0.511,0.518,7.93,0.68,4.86,,Fully Paid,No Scholarship,No Loan,2.5-8 LPA,No,0.0512,pedagogy,0,No Risk,none
S00583,6.88,1,1,SCE-CIVIL,79.1,Management Quota,General,Delhi-NCR,ICSE,Hosteller,62.9,42.8,65.0,65.0,75.0,4,stable,none,50,47,3,66.0,0,0.37,1.75,3.53,3.53,0.723,0.721,0.446,4.81,1.21,5.49,1.0,Fully Paid,No Scholarship,Active Loan (No Stress Flagged),2.5-8 LPA,No,0.2479,pedagogy,2,Attendance-Debarment Risk,pedagogical
S00584,8.09,0,0,SBST-BIOTECH,90.1,Government Quota,General,Kerala,CBSE,Hosteller,89.6,73.1,65.0,65.0,75.0,2,stable,none,50,36,14,92.0,0,-1.0,3.11,3.05,4.8,0.798,0.671,0.501,15.13,1.43,4.19,1.0,Fully Paid,No Scholarship,Active Loan (No Stress Flagged),>8 LPA,Yes,0.1485,financial,0,No Risk,none
S00585,8.07,1,20,SCOPE-CSE,88.2,Management Quota,General,West Bengal,State Board,Hosteller,85.8,81.2,65.0,65.0,75.0,2,declining,early,50,15,35,96.0,0,-0.74,3.86,,1.63,0.766,0.858,0.623,14.25,-0.02,2.25,0.0,On Installment (On-Time),Institutional Need-Based,No Loan,2.5-8 LPA,Yes,0.046,pedagogy,0,No Risk,none
S00586,8.15,0,0,SCOPE-CSE,95.5,Government Quota,ST,Kerala,State Board,Hosteller,87.1,85.1,65.0,65.0,75.0,8,stable,none,50,45,5,88.0,0,0.56,4.11,2.58,3.2,0.825,0.848,0.383,6.29,0.13,4.81,1.0,Fully Paid,No Scholarship,Active Loan (Repayment Stress Flagged),<2.5 LPA,No,0.1655,financial,0,No Risk,none
S00587,8.88,0,0,SCOPE-CSE,75.8,Government Quota,General,Delhi-NCR,CBSE,Hosteller,96.2,84.9,65.0,65.0,75.0,11,stable,none,50,5,45,100.0,0,-0.8,4.65,3.08,3.3,0.924,0.895,0.579,15.35,-0.23,1.32,0.0,Fully Paid,Institutional Need-Based,Active Loan (Repayment Stress Flagged),>8 LPA,No,0.1642,financial,0,No Risk,none
S00588,8.58,0,0,SENSE-ECE,94.6,Government Quota,General,Bihar,CBSE,DayScholar,80.2,67.9,65.0,65.0,75.0,4,stable,none,50,29,21,88.0,0,-0.14,2.66,,3.66,0.752,0.829,0.553,13.43,-0.74,1.34,,On Installment (On-Time),Category-Based,Active Loan (Repayment Stress Flagged),>8 LPA,Yes,0.1276,financial,0,No Risk,none
S00589,7.48,1,16,SCE-CIVIL,56.2,Management Quota,OBC,Uttar Pradesh,CBSE,DayScholar,74.5,74.2,65.0,65.0,75.0,1,stable,none,50,18,32,90.0,0,-0.2,3.09,,2.23,0.679,0.77,0.297,14.83,-0.32,4.75,,Fee Due >30 Days,Merit-Based,Active Loan (Repayment Stress Flagged),2.5-8 LPA,No,0.1521,financial,0,No Risk,none
S00590,8.25,0,0,SMEC-MECH,97.3,Government Quota,ST,West Bengal,ICSE,DayScholar,76.8,72.0,65.0,65.0,75.0,4,stable,none,50,10,40,96.0,0,0.57,3.15,1.55,4.78,1.0,1.0,0.589,11.31,1.19,1.75,,On Installment (On-Time),No Scholarship,No Loan,<2.5 LPA,No,0.0507,attendance,0,No Risk,none
S00591,7.4,1,1,SCE-CIVIL,64.5,Government Quota,SC,Tamil Nadu,CBSE,Hosteller,88.0,82.1,65.0,65.0,75.0,0,stable,none,50,41,9,90.0,0,0.36,5.0,2.94,2.27,0.917,1.0,0.399,9.57,-1.1,2.15,0.0,On Installment (Overdue),No Scholarship,Active Loan (Repayment Stress Flagged),<2.5 LPA,No,0.1612,financial,0,No Risk,none
S00592,8.19,0,0,SBST-BIOTECH,83.8,Management Quota,SC,Bihar,CBSE,DayScholar,80.6,76.5,65.0,65.0,75.0,1,declining,early,50,18,32,94.0,0,0.73,2.87,1.0,5.0,0.618,0.661,0.557,13.37,-0.43,0.0,,Fully Paid,No Scholarship,No Loan,>8 LPA,No,0.0,behavioural,0,No Risk,none
S00593,8.79,0,0,SENSE-ECE,99.9,Government Quota,ST,Delhi-NCR,CBSE,DayScholar,76.5,74.3,65.0,65.0,75.0,1,stable,none,50,39,11,82.0,0,-0.22,1.82,3.29,4.79,0.883,0.819,0.515,8.21,-0.75,2.8,,Fully Paid,Category-Based,Active Loan (Repayment Stress Flagged),>8 LPA,No,0.0498,pedagogy,0,No Risk,none
S00594,8.63,0,0,SCE-CIVIL,99.9,Government Quota,General,Other,State Board,Hosteller,86.3,75.2,65.0,65.0,75.0,1,stable,none,50,6,44,98.0,0,1.0,3.89,3.9,1.99,0.737,0.738,0.657,11.22,0.44,2.95,0.0,Fully Paid,No Scholarship,Active Loan (Repayment Stress Flagged),2.5-8 LPA,No,0.1452,financial,0,No Risk,none
S00595,9.53,0,0,SCOPE-CSE,95.7,Management Quota,OBC,West Bengal,International,Hosteller,79.2,75.1,65.0,65.0,75.0,2,stable,none,50,11,39,96.0,0,1.0,4.57,,3.61,1.0,1.0,0.376,9.45,-2.01,4.12,3.0,On Installment (Overdue),No Scholarship,Active Loan (No Stress Flagged),>8 LPA,Yes,0.2889,financial,2,Attendance-Debarment Risk,financial
S00596,8.5,0,0,SBST-BIOTECH,83.5,Management Quota,OBC,Bihar,CBSE,Hosteller,72.4,70.3,65.0,65.0,75.0,1,recovering,none,50,31,19,82.0,0,-0.09,4.02,,3.44,0.797,0.86,0.419,5.44,0.16,2.92,0.0,Fully Paid,Sports-Cultural Quota,No Loan,<2.5 LPA,No,0.0096,visual_engagement,0,No Risk,none
S00597,6.47,2,1,SMEC-MECH,84.3,Government Quota,General,Tamil Nadu,ICSE,DayScholar,68.5,51.8,65.0,65.0,75.0,10,stable,none,50,35,15,78.0,0,-0.3,3.93,4.38,4.83,0.745,0.828,0.685,5.03,-0.51,2.33,,On Installment (On-Time),Category-Based,Active Loan (No Stress Flagged),2.5-8 LPA,No,0.166,financial,0,No Risk,none
S00598,9.45,0,0,SCE-CIVIL,86.9,Management Quota,EWS,Uttar Pradesh,State Board,Hosteller,87.7,83.5,65.0,65.0,75.0,0,stable,none,50,45,5,88.0,0,-0.05,2.9,,4.44,1.0,0.982,0.44,6.79,0.65,0.44,2.0,Fully Paid,No Scholarship,No Loan,<2.5 LPA,No,0.028,visual_engagement,0,No Risk,none
S00599,8.62,0,0,SBST-BIOTECH,99.9,Management Quota,EWS,West Bengal,ICSE,Hosteller,97.7,96.8,65.0,65.0,75.0,6,stable,none,50,41,9,98.0,0,-0.05,3.78,,2.17,0.736,0.752,0.833,13.36,0.72,2.92,1.0,On Installment (Overdue),No Scholarship,Active Loan (Repayment Stress Flagged),2.5-8 LPA,Yes,0.2691,financial,2,Attendance-Debarment Risk,financial
